-- MySQL dump 10.13  Distrib 8.0.19, for osx10.15 (x86_64)
--
-- Host: localhost    Database: vibe
-- ------------------------------------------------------
-- Server version	8.0.19

/*!40101 SET @OLD_CHARACTER_SET_CLIENT=@@CHARACTER_SET_CLIENT */;
/*!40101 SET @OLD_CHARACTER_SET_RESULTS=@@CHARACTER_SET_RESULTS */;
/*!40101 SET @OLD_COLLATION_CONNECTION=@@COLLATION_CONNECTION */;
/*!50503 SET NAMES utf8mb4 */;
/*!40103 SET @OLD_TIME_ZONE=@@TIME_ZONE */;
/*!40103 SET TIME_ZONE='+00:00' */;
/*!40014 SET @OLD_UNIQUE_CHECKS=@@UNIQUE_CHECKS, UNIQUE_CHECKS=0 */;
/*!40014 SET @OLD_FOREIGN_KEY_CHECKS=@@FOREIGN_KEY_CHECKS, FOREIGN_KEY_CHECKS=0 */;
/*!40101 SET @OLD_SQL_MODE=@@SQL_MODE, SQL_MODE='NO_AUTO_VALUE_ON_ZERO' */;
/*!40111 SET @OLD_SQL_NOTES=@@SQL_NOTES, SQL_NOTES=0 */;

--
-- Table structure for table `albums`
--

DROP TABLE IF EXISTS `albums`;
/*!40101 SET @saved_cs_client     = @@character_set_client */;
/*!50503 SET character_set_client = utf8mb4 */;
CREATE TABLE `albums` (
  `id` int NOT NULL AUTO_INCREMENT,
  `name` varchar(100) NOT NULL,
  `image_url` varchar(2000) NOT NULL,
  `description` longtext NOT NULL,
  `release_date` date DEFAULT NULL,
  `created_at` datetime(6) NOT NULL,
  PRIMARY KEY (`id`)
) ENGINE=InnoDB AUTO_INCREMENT=96 DEFAULT CHARSET=utf8mb4 COLLATE=utf8mb4_0900_ai_ci;
/*!40101 SET character_set_client = @saved_cs_client */;

--
-- Dumping data for table `albums`
--

LOCK TABLES `albums` WRITE;
/*!40000 ALTER TABLE `albums` DISABLE KEYS */;
INSERT INTO `albums` VALUES (1,'에잇','https://musicmeta-phinf.pstatic.net/album/004/550/4550593.jpg?type=r120Fll&v=20200508163228','‘아이유(IU)\' 디지털 싱글 <에잇(Prod.&Feat. SUGA of BTS)> 스물셋, 팔레트에 이은 나이 시리즈곡이다. 앞서 선보인 곡들이 내가 청자에게 직접적으로 말을 거는 수필 형식의 이야기였다면, ‘에잇\'은 ‘너\' 라는 가상의 인물과 여러 비유를 사용해 나의 스물여...','2020-05-06','2020-06-12 08:06:25.225486'),(2,'슬기로운 의사생활 OST Part 3','https://musicmeta-phinf.pstatic.net/album/004/498/4498641.jpg?type=r120Fll&v=20200327115935','‘아로하\'는 지난 2001년 발표된 혼성그룹 쿨의 대표곡 중 하나로, 당시에도 사랑스러운 고백송으로 세대를 뛰어 넘은 큰 사랑을 받은 곡이다. 특히 이번에 ‘슬기로운 의사생활\'의 러브송으로 새롭게 탄생된 ‘아로하\'는 극중 의대 5인방 중 자칭 ‘인싸\'로 불리는 이...','2020-03-27','2020-06-12 08:06:25.228964'),(3,'슬기로운 의사생활 OST Part 11','https://musicmeta-phinf.pstatic.net/album/004/574/4574324.jpg?type=r120Fll&v=20200522115942','우선 첫번째 트랙은 가수 우효(OOHYO)의 ‘사노라면\'으로, 전인권이 부른 원곡을 리메이크한 곡이다. ‘슬기로운 의사생활\'을 통해 재해석된 ‘사노라면\'은 따뜻하고 트렌디한 신시사이저와 가창을 맡은 우효의 순수하고 담백한 목소리가 완벽한 조화를 이룬 노래...','2020-05-22','2020-06-12 08:06:25.231154'),(4,'NONSTOP','https://musicmeta-phinf.pstatic.net/album/004/535/4535336.jpg?type=r120Fll&v=20200427180334','오마이걸, 7집 미니 앨범 [NONSTOP] 발매 감성 코칭 보드게임 속 설레는 속마음 여행 [NONSTOP] 타이틀곡 \'살짝 설렜어 (Nonstop)\'로 새로운 변신 예고! ---------------------------------------------------------------------------------...','2020-04-27','2020-06-12 08:06:25.232853'),(5,'MORE & MORE','https://musicmeta-phinf.pstatic.net/album/004/583/4583296.jpg?type=r120Fll&v=20200605101207','트와이스, 6월 1일 아홉 번째 미니 앨범 및 동명 타이틀곡 \'MORE & MORE\' 발표! - \'K팝 대표 걸그룹\'이 돌아왔다! 더없이 매력적인 트와이스만의 초강력 청량 에너지! - 타이틀곡 \'MORE & MORE\', JYP 수장 박진영 작사-편곡! 사랑에 빠질수록 더 원하게...','2020-06-01','2020-06-12 08:06:25.234176'),(6,'슬기로운 의사생활 OST Part 2','https://musicmeta-phinf.pstatic.net/album/004/492/4492194.jpg?type=r120Fll&v=20200320115935','지난 1996년 발표된 그룹 베이시스의 ‘좋은사람 있으면 소개시켜줘\'가 상큼 발랄한 조이의 목소리를 만나 약 24년만에 더욱 명랑한 곡으로 재탄생된다. 편곡은 2인조 프로듀싱팀 룬디 블루스가 맡아 조이만의 ‘비타민보이스\' 매력을 한층 살렸다. 원곡이 과거 대...','2020-03-20','2020-06-12 08:06:25.235710'),(7,'깡 Official Remix','https://musicmeta-phinf.pstatic.net/album/004/585/4585502.jpg?type=r120Fll&v=20200604175909','‘깡 Official Remix\' Originally by RAIN','2020-06-04','2020-06-12 08:06:25.237554'),(8,'슬기로운 의사생활 OST Part 4','https://musicmeta-phinf.pstatic.net/album/004/507/4507385.jpg?type=r120Fll&v=20200403115943','‘화려하지 않은 고백\'은 지난 1993년 이승환이 발표한 발라드 곡으로, 규현을 만나 약 27년만에 한층 더 감미로운 버전으로 재탄생했다. 특히 원곡의 서정적인 멜로디, 복고풍의 가사가 규현의 감성 보컬과 이질감 없는 완벽한 조화를 이루며, 어쿠스틱 기타와...','2020-04-03','2020-06-12 08:06:25.238822'),(9,'아무노래','https://musicmeta-phinf.pstatic.net/album/004/413/4413282.jpg?type=r120Fll&v=20200205180913','\"아무 노래나 틀어봐\"','2020-01-13','2020-06-12 08:06:25.239989'),(10,'사춘기집Ⅱ 꽃 본 나비','https://musicmeta-phinf.pstatic.net/album/004/552/4552454.jpg?type=r120Fll&v=20200513175912','찬란한 사춘기의 잔상 [사춘기집Ⅱ 꽃 본 나비] 사랑스럽지만 위태롭고 불안해서 더 찬란한 사춘기, 그 두 번째 이야기. 지난 사춘기집Ⅰ에서 사춘기의 성장통을 그려냈다면, 이번 사춘기집Ⅱ에서는 성장하는 과정에서의 소중한 감정들을 하나하나 담아냈다. 사랑, 위...','2020-05-13','2020-06-12 08:06:25.241173'),(11,'슬기로운 의사생활 OST Part 5','https://musicmeta-phinf.pstatic.net/album/004/515/4515238.jpg?type=r120Fll&v=20200410124211','그대 고운 내사랑은 1999년 발매된 가수 이정열의 2집 ‘NATURAL\'에 수록된 포크발라드로서 이번 슬기로운 의사생활 OST 에는 감성 음악의 대표주자 어반자카파가 참여하여 특유의 감성어린 하모니를 들려주고있다. 편곡은 \'얼마전 종영한 드라마 “사랑의 불...','2020-04-10','2020-06-12 08:06:25.242277'),(12,'멜로가 체질 OST Part 3','https://musicmeta-phinf.pstatic.net/album/003/156/3156245.jpg?type=r120Fll&v=20200218131210','배우 안재홍, 천우희가 직접 불러 화제를 모은 곡이 ‘멜로가 체질\' OST로 정식 발매된다. 극 중 임진주(천우희 분)는 손범수의 입을 다물게 하려는 의도로 ‘흔들리는 꽃들 속에서 네 샴푸향이 느껴진거야\'를 그의 앞에서 불렀다. ‘흔들리는 꽃들 속에서 네 샴푸향이...','2019-08-23','2020-06-12 08:06:25.243558'),(13,'슬기로운 의사생활 OST Part 12','https://musicmeta-phinf.pstatic.net/album/004/582/4582074.jpg?type=r120Fll&v=20200529115939','너에게 난 나에게 넌 [앨범소개] ‘슬기로운 의사생활\' OST의 대미를 장식할 ‘너에게 난, 나에게 넌\'은 최종회인 12회 테마곡이자 다음 시즌을 기약하는 노래다. 순수하고 따뜻한 노랫말과 멜로디가 인상적이며, 20년 지기 의대 5인방의 따뜻한 우정과 사랑을 담...','2020-05-29','2020-06-12 08:06:25.244762'),(14,'LOOK','https://musicmeta-phinf.pstatic.net/album/004/519/4519263.jpg?type=r120Fll&v=20200416185712','‘Apink\' 9th Mini Album 【LOOK】 온전히 ‘나\'에게 초점을 맞춘 에이핑크의 ‘덤더럼(Dumhdurum)\' 있는 그대로를 들려줄 에이핑크만의 이야기 작년 1월, 에이핑크(Apink)의 무한한 가능성을 입증시키며 ‘%%(응응)\'이라는 재치 있는 표현법으로 화제를 모...','2020-04-13','2020-06-12 08:06:25.245924'),(15,'Love poem','https://musicmeta-phinf.pstatic.net/album/003/399/3399860.jpg?type=r120Fll&v=20200218131210','‘아이유(IU)\' 미니 5집 [Love poem] 모든 문학에는 정답이 없다지만 그중 해석의 제한에서 가장 자유로운 것은 시가 아닐까 한다. 작품자의 순정만 담겨 있다면, 어떤 형태든 그 안에선 모든 것이 시적 허용된다. ‘시인\'이라든가 ‘예술\'이라든가 ‘영감\'이라든가 ‘...','2019-11-18','2020-06-12 08:06:25.246980'),(16,'슬기로운 의사생활 OST Part 1','https://musicmeta-phinf.pstatic.net/album/004/483/4483740.jpg?type=r120Fll&v=20200318114407','지난 1회 주요신과 예고편에 삽입돼 시청자들의 몰입도와 감동을 높인 ‘Lonely Night\'은 지난 1997년 발매돼 전국민적 사랑을 받은 부활의 원곡을 약 23년만에 리메이크한 버전이다. 권진아는 특유의 호소력 짙은 감성을 더해 서정적인 록 발라드 스타일의 ‘Lo...','2020-03-13','2020-06-12 08:06:25.248024'),(17,'슬기로운 의사생활 OST Part 8','https://musicmeta-phinf.pstatic.net/album/004/536/4536954.jpg?type=r120Fll&v=20200501122128','‘내 눈물 모아\'는 ‘비운의 하이틴 스타\'라 불리는 고(故) 서지원이 지난 1996년 발매한 곡으로, 지난 4월 30일 방송된 ‘슬기로운 의사생활\' 8회 속 의대 5인방의 밴드 연주신에 등장해 화제를 모은 바 있다. ‘내 눈물 모아\' 가창을 맡은 휘인은 섬세하면서도 슬픔을...','2020-05-01','2020-06-12 08:06:25.249162'),(18,'IT\'z ME','https://musicmeta-phinf.pstatic.net/album/004/480/4480594.jpg?type=r120Fll&v=20200309220857','ITZY, 3월 9일 두 번째 미니앨범 \'IT\'z ME\' 및 타이틀곡 \'WANNABE\' 발표! \'one & only ME\' \"난 그냥 나일 때 완벽하니까\" - 새 앨범 \'IT\'z ME\' = ITZY 시그니처 앨범! 괴물 신인→대세 걸그룹 발돋움 - 타이틀곡 \'WANNABE\', ITZY 표 틴크러시 짜릿 쾌...','2020-03-09','2020-06-12 08:06:25.250229'),(19,'Future Nostalgia','https://musicmeta-phinf.pstatic.net/album/003/391/3391998.jpg?type=r120Fll&v=20200327115932','데뷔 앨범 [Dua Lipa]로 많은 사랑을 받아 2018 그래미 어워드 2개 부문 수상, 영국 차세대 디바 Dua Lipa가 공개하는 파워풀한 새 앨범 [Future Nostalgia] 중저음의 매혹적인 보컬이 돋보이는 디바 Dua Lipa가 많은 기대와 관심 속에 새 앨범 [Future...','2020-03-27','2020-06-12 08:06:25.251257'),(20,'이태원 클라쓰 OST Part 2','https://musicmeta-phinf.pstatic.net/album/004/430/4430113.jpg?type=r120Fll&v=20200421184404','JTBC 이태원 클라쓰 OST Part.2 [가호(Gaho) - 시작] 불합리한 세상 속, 고집과 객기로 뭉친 청춘들의 \'힙\'한 반란을 그린 드라마 <이태원 클라쓰>의 두 번째 OST가 공개됐다. 이태원 클라쓰 OST Part.2 <시작>은 매력적인 맑고 시원한 보이스를 앞세워...','2020-02-01','2020-06-12 08:06:25.252358'),(21,'‘The ReVe Festival\' Finale','https://musicmeta-phinf.pstatic.net/album/003/948/3948913.jpg?type=r120Fll&v=20200218131211','레드벨벳, 2019년 음악 축제 화려한 피날레! 리패키지 앨범 ‘‘The ReVe Festival\' Finale\' 발매! 쿨&스윗 러브송 ‘Psycho\'로 독보적인 음악 세계 ‘레벨 업\' 한다! 레드벨벳이 새 앨범 ‘‘The ReVe Festival\' Finale\'로 2019년 선보인 음악 축제의 대미를 장식...','2019-12-23','2020-06-12 08:06:25.254011'),(22,'Memories','https://musicmeta-phinf.pstatic.net/album/003/198/3198839.jpg?type=r120Fll&v=20200608143608','','2019-09-20','2020-06-12 08:06:25.255574'),(23,'항해','https://musicmeta-phinf.pstatic.net/album/003/199/3199865.jpg?type=r120Fll&v=20200218131211','@ AKMU 3rd FULL ALBUM [항해] 지금까지 ‘AKMU\' 앨범은 이찬혁, 이수현이 자라온 성장과 경험을 바탕으로 그 나이대에 느낄 수 있는 생각과 감정을 오롯이 음악으로 담아내어 다양한 세대의 공감을 이끌었다. 1집 [PLAY] 앨범은 어린아이처럼 순수한...','2019-09-25','2020-06-12 08:06:25.256925'),(24,'Boyhood','https://musicmeta-phinf.pstatic.net/album/003/591/3591286.jpg?type=r120Fll&v=20200218131210','CHANGMO의 첫 정규 앨범 \"Boyhood\" 결국엔 유명해진다. 01. 빌었어 Lyrics by CHANGMO Composed by CHANGMO Produced by CHANGMO Additional Vocal by JEEBANOFF Narration by 성우 홍수정 02. METEOR Lyrics by C...','2019-11-29','2020-06-12 08:06:25.258103'),(25,'슬기로운 의사생활 OST Part 6','https://musicmeta-phinf.pstatic.net/album/004/520/4520735.jpg?type=r120Fll&v=20200417115934','‘시청 앞 지하철 역에서\'는 지난 1990년 발표된 관록의 포크밴드 동물원의 3집을 대표하는 타이틀곡으로, 당시 노래 뿐 아니라 청춘의 사랑과 우정을 담은 스토리 있는 가사로도 많은 사랑을 받은 바 있다. 약 20년만에 ‘슬기로운 의사생활\'을 통해 새롭게 탄생된...','2020-04-17','2020-06-12 08:06:25.259193'),(26,'CEREMONIA','https://musicmeta-phinf.pstatic.net/album/004/497/4497010.jpg?type=r120Fll&v=20200326181603','엠씨더맥스의 데뷔기념일 3월 25일, 20주년 기념 앨범 ‘CEREMONIA\' 선공개곡 ‘처음처럼\'과 ‘One Love(20th Edition)\'가 발매되었다. 1. 처음처럼 ‘처음처럼\'은 9집 앨범 [Circular]의 수록곡인 \'사계(하루살이)\'를 만들어 낸 AIMING(에이밍)팀이 심혈을...','2020-03-25','2020-06-12 08:06:25.260162'),(27,'슬기로운 의사생활 OST Part 10','https://musicmeta-phinf.pstatic.net/album/004/564/4564792.jpg?type=r120Fll&v=20200515115942','OST Part 10은 드라마를 사랑하는 팬들의 성원에 보답하기 위해 기획됐다. 우선 OST Part 10 첫번째 트랙인 ‘넌 따뜻해\'는 매회 엔딩신마다 기타 스트로크로 등장해 궁금증을 자아냈던 곡이다. 제목처럼 누군가의 따뜻함이 음악에 스며들어 아련한 추억을 떠올...','2020-05-15','2020-06-12 08:06:25.261718'),(28,'Speak Your Mind (Deluxe)','https://musicmeta-phinf.pstatic.net/album/002/343/2343021.jpg?type=r120Fll&v=20191223151309','영국이 주목하는 허스키보이스! 싱어송라이터 Anne-Marie의 데뷔앨범 [Speak Your Mind (Deluxe)] 발매! Clean Bandit의 히트곡 ‘Rockabye\'와 함께 2016년 UK 싱글차트에서 최장기간 1위라는 기록을 세운 매력적인 허스키보이스의 주인공 Anne-...','2018-08-03','2020-06-12 08:06:25.263156'),(29,'Happy','https://musicmeta-phinf.pstatic.net/album/004/548/4548657.jpg?type=r120Fll&v=20200504175911','태연, 새 싱글 ‘Happy\' 전격 공개! 소녀시대 태연이 팬들에게 특별한 선물을 선사한다. 이번 신곡 ‘Happy\'는 올드스쿨 두왑(doo-wop)과 알앤비를 현대적인 사운드로 재해석한 알앤비 팝 장르 곡으로, 사랑하는 사람과 함께 하는 시간 속에서 느끼는 따뜻하고...','2020-05-04','2020-06-12 08:06:25.264557'),(30,'Rain On Me','https://musicmeta-phinf.pstatic.net/album/004/574/4574799.jpg?type=r120Fll&v=20200529021012','','2020-05-21','2020-06-12 08:06:25.265727'),(31,'슬기로운 의사생활 OST Part 7','https://musicmeta-phinf.pstatic.net/album/004/530/4530622.jpg?type=r120Fll&v=20200424115940','[슬기로운 의사생활 OST - 넌 언제나] ‘넌 언제나\'는 지난 23일 방송된 7회의 밴드 연주신에 삽입돼 시청자들의 관심을 받은 곡이다. 그간 각 회차에 어울리는 테마곡을 발표하며 화제를 모은 ‘슬기로운 의사생활\'은 따뜻하면서도 드라마틱한 감정을 담은 새 O...','2020-04-24','2020-06-12 08:06:25.266966'),(32,'늦은 밤 너의 집 앞 골목길에서','https://musicmeta-phinf.pstatic.net/album/003/406/3406157.jpg?type=r120Fll&v=20200218131210','이별 과정에 있는 리스너들에게 노을이 전하는 깊은 위로 [늦은 밤 너의 집 앞 골목길에서] 2018년 11월 발표한 ‘너는 어땠을까\'로 많은 리스너들에게 공감을 받은 노을이 더 짙어진 이별 감성을 담은 신곡 [늦은 밤 너의 집 앞 골목길에서]로 우리 곁에 돌아왔다. [...','2019-11-07','2020-06-12 08:06:25.267986'),(33,'BLOOM*IZ','https://musicmeta-phinf.pstatic.net/album/004/449/4449554.jpg?type=r120Fll&v=20200217185032','아이즈원, 화려하게 만개한 꿈의 축제…첫 번째 정규 앨범 [BLOOM*IZ] 발매! 아이즈원, 첫 정규 앨범 [BLOOM*IZ] 발매…이들이 꿈꾸는 화려한 축제로의 초대! 아이즈원, 플라워 시리즈 대미 장식한다…첫 번째 정규 앨범 [BLOOM*IZ] 발매 아이즈원, 정규...','2020-02-17','2020-06-12 08:06:25.269209'),(34,'에이프릴(APRIL) 7th Mini Album \'Da Capo\'','https://musicmeta-phinf.pstatic.net/album/004/529/4529212.jpg?type=r120Fll&v=20200422175910','Da Capo, 처음부터 다시 에이프릴(APRIL) 일곱 번째 미니앨범 ‘Da Capo\' 2015년 동화 같은 서정적인 음악으로 데뷔한 이래로 ‘예쁜 게 죄\'라며 자신감 넘치고 당당한 여성으로의 변신까지. 한 해 한 해 우리 곁에서 꾸준히 성장해 온 에이프릴이 일곱 번째...','2020-04-22','2020-06-12 08:06:25.270316'),(35,'The Kids Are Coming','https://musicmeta-phinf.pstatic.net/album/003/137/3137158.jpg?type=r120Fll&v=20190902142129','호기심을 키우는 오묘한 목소리, 호주 싱어송라이터 Tones and I의 EP [The Kids Are Coming] 발매! 무작정 시작한 버스킹이 급속도로 좋은 반응을 얻으머 그 길로 레이블과 정식 계약까지 맺게 된 싱어송라이터다. 데뷔 싱글 ‘Johnny Run Away\'로 호주...','2019-08-30','2020-06-12 08:06:25.271879'),(36,'I met you when I was 18. (the playlist)','https://musicmeta-phinf.pstatic.net/album/002/552/2552408.jpg?type=r120Fll&v=20200520184807','\'I Like Me Better\', \'Paris In The Rain\' 등 최근 인기곡이 모두 포함된 Lauv 의 송 콜렉션! 컨템포러리 팝 장르의 떠오르는 신예 Lauv! “실연의 아픔을 대표하는 팝신의 떠오르는 강자 탄생” / ROLLING STONE “세심하고, 매혹적 보이스로 팝의 스타가 되...','2018-10-08','2020-06-12 08:06:25.272980'),(37,'이태원 클라쓰 OST Part 3','https://musicmeta-phinf.pstatic.net/album/004/439/4439784.jpg?type=r120Fll&v=20200421184404','JTBC 이태원 클라쓰 OST Part.3 [하현우 - 돌덩이] “쉬울 거라 생각 안 했어, 어렵게 하면 되지, 돼, 당연한 거야.” - 박새로이 명불허전, 하현우의 휘몰아치는 사이다 가창력이 카타르시스를 선사하는 드라마 <이태원 클라쓰>의 세 번째 OST가 공개됐다. 이...','2020-02-07','2020-06-12 08:06:25.274115'),(38,'homemade 1','https://musicmeta-phinf.pstatic.net/album/004/571/4571969.jpg?type=r120Fll&v=20200520192206','놀랍도록 힘나는 ‘자나깨나 박수\'! 기분이 울적하고 몸이 무거울 땐 주위 사람들과 함께 박수를 쳐보세요. 간단해 보이지만, 활력이 돌고 웃음에 나며 즐거운 분위기를 순식간에 만들 수 있답니다. 예 1) 아침에 일어나기 힘들 때 자나깨나 박수 20번 치며 일어나기...','2020-05-20','2020-06-12 08:06:25.275210'),(39,'MAP OF THE SOUL : 7','https://musicmeta-phinf.pstatic.net/album/004/417/4417123.jpg?type=r120Fll&v=20200304000937','방탄소년단, 정규 4집 ‘MAP OF THE SOUL : 7\' 발매! ‘온전한 나\'의 모습을 찾기 위한 방탄소년단의 솔직한 이야기 방탄소년단이 2월 21일 네 번째 정규 앨범 ‘MAP OF THE SOUL : 7\'을 발매한다. 지난해 막을 연 MAP OF THE SOUL 시리즈는 자신의...','2020-02-21','2020-06-12 08:06:25.276435'),(40,'Delight - The 2nd Mini Album','https://musicmeta-phinf.pstatic.net/album/004/578/4578019.jpg?type=r120Fll&v=20200525175904','EXO 백현, 두 번째 미니앨범 ‘Delight\' 공개! 타이틀 곡 ‘Candy\' 포함 총 7곡 수록! 웰메이드 R&B 앨범! ‘특급 솔로 가수\' 백현의 트렌디한 음악 감성 담았다! EXO 백현이 두 번째 미니앨범 ‘Delight\'를 공개했다. 이번 앨범은 백현이 작년 7월 발표한 첫 솔로...','2020-05-25','2020-06-12 08:06:25.278146'),(41,'Stay Tonight','https://musicmeta-phinf.pstatic.net/album/004/535/4535202.jpg?type=r120Fll&v=20200428145507','청하 Pre-Release Single #1 Album Review 청하가 “Stay Tonight”으로 첫 정규 앨범의 첫 조각을 건넨다. 다가오는 정규 앨범은 트랙마다 각기 다른 음악적 색채와 주제로 세공한 챕터로 구성되어 있다. 모든 챕터는 이를 대표하는 타이틀곡이 존재하고, 순...','2020-04-27','2020-06-12 08:06:25.279413'),(42,'Stuck with U','https://musicmeta-phinf.pstatic.net/album/004/556/4556433.jpg?type=r120Fll&v=20200512083108','','2020-05-07','2020-06-12 08:06:25.280683'),(43,'너를 만나','https://musicmeta-phinf.pstatic.net/album/002/574/2574254.jpg?type=r120Fll&v=20200218131711','01 너를 만나 (작사 : 폴킴 / 작곡 : 폴킴, Donnie J, Joseph K) 지금 옆에 있는 누군가가 당신이 오랫동안 기다려온 완벽한 사랑이길 바라면서... Executive Produced by 박진우, 장동균 for neuron music Produced by Donnie J Composed by 폴...','2018-10-29','2020-06-12 08:06:25.281689'),(44,'To Die For','https://musicmeta-phinf.pstatic.net/album/004/444/4444655.jpg?type=r120Fll&v=20200526002008','','2020-02-13','2020-06-12 08:06:25.282789'),(45,'reality in BLACK','https://musicmeta-phinf.pstatic.net/album/003/419/3419510.jpg?type=r120Fll&v=20200218131210','마마무, 더 강렬하게 돌아왔다! 정규 2집 [reality in BLACK] 발매 Bless Life And Carry Knowledge 우리의 삶은 어디에 있든, 어떤 형태이든 그 모든 모습은 현실이고 진짜이기에 축복받음이 마땅하다. 서로의 다름을 인정하고 존중하는 것. 그리고 그에게...','2019-11-14','2020-06-12 08:06:25.284370'),(46,'Cuz I Love You (Deluxe)','https://musicmeta-phinf.pstatic.net/album/002/799/2799880.jpg?type=r120Fll&v=20191004184406','','2019-05-10','2020-06-12 08:06:25.286086'),(47,'어떻게 지내','https://musicmeta-phinf.pstatic.net/album/004/477/4477123.jpg?type=r120Fll&v=20200609121610','“넌 헤어지면 우리 노랠 내지 말아 달라 했지만.. 못들어줘 미안” 이번 오반의 싱글 ‘어떻게 지내\' 는 밝은 느낌의 비트와 대조되는 ‘넌 헤어지면 우리 노랠 제발 내지 말아 달라 했지만 못 들어줘. 미안\'이라는 가사가 인상적이다. 이별에 대처하는 오반만의 접근법...','2020-03-05','2020-06-12 08:06:25.287259'),(48,'Every letter I sent you.','https://musicmeta-phinf.pstatic.net/album/003/735/3735168.jpg?type=r120Fll&v=20200218131210','내가 너에게 보냈던 모든 편지들. 이번 앨범은 19살부터 23살까지 제 생각과 고민, 추억들이 담겨있어요. 정확한 주소가 있진 않았지만 꾸준히 제 마음을 곡에 담아 부치곤 했는데, 이제 여러분들에게 정말로 보낼 수 있게 되어 기쁘네요! 그 동안 저의 성장을 지켜...','2019-12-10','2020-06-12 08:06:25.288437'),(49,'사랑의 불시착 OST Part 11','https://musicmeta-phinf.pstatic.net/album/004/448/4448098.jpg?type=r120Fll&v=20200421184507','가수 아이유가 tvN ‘사랑의 불시착\' OST의 대미를 장식한다. tvN 토 일 드라마 ‘사랑의 불시착\'(극본 박지은 / 연출 이정효)의 열한 번째 OST인 아이유의 ‘마음을 드려요\'가 공개됐다. ‘마음을 드려요\'는 리정혁(현빈 분)과 윤세리(손예진분)의 가슴 시리고 애틋...','2020-02-15','2020-06-12 08:06:25.289534'),(50,'WHEN WE ALL FALL ASLEEP, WHERE DO WE GO?','https://musicmeta-phinf.pstatic.net/album/002/966/2966558.jpg?type=r120Fll&v=20200218131711','\"전세계가 주목하는 팝 센세이션 빌리 아일리시(Billie Eilish)의 정규 데뷔 앨범 [WHEN WE ALL FALL ASLEEP, WHERE DO WE GO?] 사운드클라우드를 통해 처음 발표한 ‘Ocean Eyes\'가 스포티파이 바이럴 차트 1위를 차지하고, 애플 뮤직, 베보(VEV...','2019-03-29','2020-06-12 08:06:25.290593'),(51,'슬기로운 의사생활 OST Part 9','https://musicmeta-phinf.pstatic.net/album/004/552/4552455.jpg?type=r120Fll&v=20200508115935','9회 테마곡으로 선정된 ‘바람이 부네요\'는 이소라의 신비롭고 유려한 목소리가 담긴 곡으로, 지금의 우리에게 힐링과 위로를 전달하는 노래다. “산다는 건 신비한 축복, 분명한 이유가 있어. 세상엔 필요 없는 사람은 없어 모두” 등의 감동적인 가사 역시 깊은 울...','2020-05-08','2020-06-12 08:06:25.291750'),(52,'이태원 클라쓰 OST Part 6','https://musicmeta-phinf.pstatic.net/album/004/447/4447980.jpg?type=r120Fll&v=20200421184507','JTBC 이태원 클라쓰 OST Part. 6 [김필 - 그때 그 아인] “내 인생은 좀… 써. 너무 씁쓸해. 그냥… 조금만 더… 쓰린 밤이… 내 삶이… 달달했으면 했어.” 인생 웹툰에서 인생 드라마로 거듭나고 있는 JTBC 드라마 <이태원 클라쓰>의 여섯 번째 OST에 매력적...','2020-02-15','2020-06-12 08:06:25.292787'),(53,'밤편지','https://musicmeta-phinf.pstatic.net/album/001/855/1855408.jpg?type=r120Fll&v=20200218131711','1년 6개월만의 컴백! 아이유(IU) 정규4집, 첫 번째 선공개곡 [밤편지] 이 밤, 당신을 잠 못 들게 할, 모두가 기다린 아이유의 목소리, 그리고 이야기. 가수 ‘아이유\' 가 돌아온다. 오는 4월 21일, 1년 6개월만의 신보, 정규앨범으로는 3년여 만에 컴백을 알린 아이...','2017-03-24','2020-06-12 08:06:25.293913'),(54,'\'키스 먼저 할까요?\' OST Part 3','https://musicmeta-phinf.pstatic.net/album/002/421/2421567.jpg?type=r120Fll&v=20190402195342','SBS 월화드라마 ‘키스 먼저 할까요?’ OST Part.3 공개! 감성 보컬리스트 폴킴 참여! SBS 월화드라마 ‘키스 먼저 할까요?’ OST의 세 번째 주자로 ‘감성 보컬리스트’ 폴킴이 출격한다. ‘키스 먼저 할까요?’ OST Part.3로 선보이는 폴킴의 ‘모든 날, 모든 순간 (...','2018-03-20','2020-06-12 08:06:25.295220'),(55,'Birthday','https://musicmeta-phinf.pstatic.net/album/004/440/4440411.jpg?type=r120Fll&v=20200207141207','2019년 가온차트 팝송 최초 연간 차트 1위 등극, 국민 팝스타 Anne-Marie의 톡톡 튀는 새 싱글 ‘Birthday\' 공개! 2018년 발매한 데뷔 앨범 [Speak Your Mind]로 전 세계 2백만 장 이상의 세일즈 기록, 수록곡인 ‘2002\'로 한국에서 열렬한 사랑을 받아 국...','2020-02-07','2020-06-12 08:06:25.296552'),(56,'사계 (Four Seasons)','https://musicmeta-phinf.pstatic.net/album/002/950/2950189.jpg?type=r120Fll&v=20200218131711','Single Introduce ‘믿고 듣는 보컬퀸\' 태연, 새 싱글 ‘사계\' 공개! ‘감성 장인\' 태연이 선사하는 깊은 울림! 사계절 내내 듣고 싶은 노래! ‘믿고 듣는 보컬퀸\' 소녀시대 태연이 새 싱글 ‘사계\'로 깊은 감성을 선사한다. 태연의 새 싱글 ‘사계\'에는 얼터너티브 팝 장르의...','2019-03-24','2020-06-12 08:06:25.297592'),(57,'Hot Pink','https://musicmeta-phinf.pstatic.net/album/003/405/3405612.jpg?type=r120Fll&v=20200521155204','','2019-11-07','2020-06-12 08:06:25.298643'),(58,'Take Yourself Home','https://musicmeta-phinf.pstatic.net/album/004/506/4506387.jpg?type=r120Fll&v=20200501024711','','2020-04-02','2020-06-12 08:06:25.299729'),(59,'시든 꽃에 물을 주듯','https://musicmeta-phinf.pstatic.net/album/002/970/2970028.jpg?type=r120Fll&v=20200218131210','지난해 12월 ‘LETME OUT\'으로 가요계에 화려한 첫 발을 내디딘 HYNN(박혜원)이 EP [시든 꽃에 물을 주듯]으로강력한 존재감 굳히기에 나선다. 봄이라는 계절이 누군가에게는 모든차가운 기운이 녹아내리는 따뜻한 시간일 수도 있고 또 누군가에게는 그 따...','2019-03-31','2020-06-12 08:06:25.301046'),(60,'Red Moon : To You My Light','https://musicmeta-phinf.pstatic.net/album/003/065/3065603.jpg?type=r120Fll&v=20200218131210','[Red Moon : To You My Light] \'우리 모두는 누군가의 빛이라는걸\' [Credit] Executive Producer: MAKTUB Inc. Producer: Maktub, 이라온 Directed by Maktub, 이라온 Lyrics by Maktub Composed by Maktub Arranged by Maktub,...','2019-06-09','2020-06-12 08:06:25.302138'),(61,'내일은 미스터트롯 결승전 베스트','https://musicmeta-phinf.pstatic.net/album/004/484/4484667.jpg?type=r120Fll&v=20200428153925','내일은 미스터트롯 [결승전 베스트] 종합편성채널 역사상 최고 시청률 33.8%!! 매회마다 자체 최고시청률을 갱신하며 대한민국 국민예능으로 자리매김 한 [내일은 미스터트롯] 나의 인생곡과 새로운 매력을 뽐낼 신곡! TOP7 결승진출자들의 결승전 베스트 음...','2020-03-13','2020-06-12 08:06:25.303240'),(62,'어떻게 지내 (답가)','https://musicmeta-phinf.pstatic.net/album/004/587/4587183.jpg?type=r120Fll&v=20200606175906','오반의 ‘어떻게 지내\'에 요목조목 대답하며 끝을 확인 시켜주는 ‘어떻게 지내 (답가)\' 가수 런치(LUNCH)가 오는 6월 6일 토요일에 오반의 ‘어떻게 지내\' 답가 음원을 발표한다. 런치는 지난해 ‘기억, 안녕\' 이라는 싱글에서 오반과 협업한 후 음악적인 교류를 계...','2020-06-06','2020-06-12 08:06:25.304349'),(63,'Sour Candy','https://musicmeta-phinf.pstatic.net/album/004/582/4582158.jpg?type=r120Fll&v=20200604152701','','2020-05-27','2020-06-12 08:06:25.305480'),(64,'Together','https://musicmeta-phinf.pstatic.net/album/004/572/4572449.jpg?type=r120Fll&v=20200525105807','Sia의 영화감독 데뷔작 ‘Music\'에서 공개하는 노래 ‘Together\'! 영화감독 데뷔전이자 새 앨범이 될 다음 작품 ‘Music\'에서 선공개하는 싱글이다. Sia가 2007년에 쓴 단편소설을 바탕으로 만드는 영화 ‘Music\'은 인기 배우 Kate Hudson, Leslie Odom J...','2020-05-20','2020-06-12 08:06:25.306470'),(65,'I trust','https://musicmeta-phinf.pstatic.net/album/004/511/4511159.jpg?type=r120Fll&v=20200406175912','편견이란 답답한 우리를 무너뜨린 ‘LION\'의 귀환! (여자)아이들만의 장르를 만들어가는 ‘I\' 시리즈 세 번째 앨범 [I trust] 세상을 향한 당당한 외침, ‘Oh my god\' 독보적인 콘셉트 소화력과 무한한 가능성으로 그들만의 장르를 구축하는 아티스트 (여자)아이들...','2020-04-06','2020-06-12 08:06:25.307649'),(66,'Feel Special','https://musicmeta-phinf.pstatic.net/album/003/199/3199901.jpg?type=r120Fll&v=20200218131210','트와이스, 여덟 번째 미니앨범 및 동명 타이틀곡 \'Feel Special\' 발표! \"스스로 \'특별한 존재\'라고 느껴진 순간이 있나요?\" 아홉 멤버에게 \'찬란한 순간\'을 선사한 모든 이에게 전하는 선물 같은 이야기 ‘너로 인해 내가 아무것도 아닌 존재에서 특별한 무엇이 된다\'...','2019-09-23','2020-06-12 08:06:25.308779'),(67,'사랑이란 멜로는 없어','https://musicmeta-phinf.pstatic.net/album/003/189/3189003.jpg?type=r120Fll&v=20200218131210','ODR PROJECTPART.1 ‘전상근 – 사랑이란멜로는 없어\' “그날 그대를 놓치지 않았다면…” ‘오드리 프로젝트\'는 주식회사 스튜디오 오드리에서 야심 차게 준비한 프로젝트로 발매 앨범마다 뮤직드라마를 제작하여 리스너들에게 감동을 선사할 예정이다. ‘오드리...','2019-09-08','2020-06-12 08:06:25.309879'),(68,'MAP OF THE SOUL : PERSONA','https://musicmeta-phinf.pstatic.net/album/003/003/3003472.jpg?type=r120Fll&v=20200304003947','방탄소년단, MAP OF THE SOUL : PERSONA 발매! 글로벌 슈퍼스타 방탄소년단이 팬들에게 전하고 싶은 솔직한 이야기 타이틀곡 ‘작은 것들을 위한 시 (Boy With Luv)\', 너에 대한 관심과 사랑의 즐거움 새로운 이야기의 문을 열다! 4월 12일 ‘MAP OF...','2019-04-12','2020-06-12 08:06:25.310945'),(69,'NCT #127 Neo Zone – The 2nd Album','https://musicmeta-phinf.pstatic.net/album/004/479/4479192.jpg?type=r120Fll&v=20200317174608','글로벌 대세 NCT 127 출격! 정규 2집 ‘NCT #127 Neo Zone\' 발매 타이틀 곡 ‘영웅\', 가요계 뉴 히어로가 선사하는 에너지 부스터! 다채로운 장르의 총 13곡 수록, 유니크한 음악 색깔 기대! 월드와이드 활약으로 가요계 제패 예고! 글로벌 대세 NCT 127 정규...','2020-03-06','2020-06-12 08:06:25.312158'),(70,'전설','https://musicmeta-phinf.pstatic.net/album/002/923/2923941.jpg?type=r120Fll&v=20200218131711','잔나비 정규 2집 [전설] 3년 만에 돌아온 잔나비의 2집이네요. 머나먼 시간이었죠. 그 사이 많은 것들이 변했어요. 세상은 더 이상 갈망하지 않고, 치열하게 부딪히며 사랑하던 모든 관계 역시 시대답게 편리해진 듯해요. 그것도 모르고 언제나 더 뜨겁고자 했던...','2019-03-13','2020-06-12 08:06:25.313244'),(71,'내일은 미스터트롯 우승자 특전곡','https://musicmeta-phinf.pstatic.net/album/004/508/4508092.jpg?type=r120Fll&v=20200403115947','내일은 미스터트롯 [우승자 특전곡] 종합편성채널 역사상 최고 시청률을 기록하며 대단원의 막을 내린 [내일은 미스터트롯] 온 국민의 관심을 한 몸에 받고 있는 미스터트롯 진 임영웅을 위한 조영수 작곡가의 신곡 “이제 나만 믿어요” 음원 공개 대한민국 최고...','2020-04-03','2020-06-12 08:06:25.314460'),(72,'주라주라','https://musicmeta-phinf.pstatic.net/album/004/537/4537790.jpg?type=r120Fll&v=20200501175910','가수 ‘둘째이모 김다비\'의 첫 트로트 곡 “주라주라”는 정갈한 4박 킥 리듬에 리드미컬한 기타 라인을 더해 뉴 트로트만의 감각을 극대화한 곡으로, 생업에 종사하는 모든 직장인의 고충과 바람을 간절하게 풀어낸 가사를 담아 그들에 대한 애정과 위로를 전한다....','2020-05-01','2020-06-12 08:06:25.315523'),(73,'MY LIFE愛','https://musicmeta-phinf.pstatic.net/album/002/284/2284816.jpg?type=r120Fll&v=20180416205023','','2017-12-01','2020-06-12 08:06:25.316625'),(74,'The Book of Us : The Demon','https://musicmeta-phinf.pstatic.net/album/004/559/4559943.jpg?type=r120Fll&v=20200511175911','DAY6, 5월 11일 미니 6집 \'The Book of Us : The Demon\' 및 타이틀곡 \'Zombie\' 발표! - 대체불가 K팝 대표 밴드의 귀환! DAY6, 새 앨범 \'The Book of Us : The Demon\'으로 전격 컴백! - 타이틀곡 \'Zombie\', 사랑의 불균형으로 마주한 공허함! 한 번...','2020-05-11','2020-06-12 08:06:25.317801'),(75,'NCT #127 Neo Zone The Final Round – The 2nd Album Repackage','https://musicmeta-phinf.pstatic.net/album/004/570/4570544.jpg?type=r120Fll&v=20200525172407','NCT 127, 정규 2집 리패키지 ‘NCT #127 Neo Zone: The Final Round\' 공개! 타이틀 곡 ‘Punch\' 포함 4곡 추가 수록! ‘영웅\' 신드롬 잇는 강력한 히트 펀치 날린다! ‘K-POP 영웅\' NCT 127이 신곡 ‘Punch\'를 발표, 강력한 히트 펀치로 또 한번 가요계...','2020-05-19','2020-06-12 08:06:25.318890'),(76,'취했나봐','https://musicmeta-phinf.pstatic.net/album/004/574/4574680.jpg?type=r120Fll&v=20200524175911','호소력 짙은 목소리로 폭풍 같은 감정을 노래하는 황인욱의 신곡 [취했나봐] 발매 대한민국 대표 이별 아이콘이 된 황인욱 이제 이별을 넘어 다시 새로운 사랑을 노래한다. 오랜 시간 친구로 지냈던 사이 그렇기 때문에 더 꺼내기 어려운 마음을 털어놓기 직전, 그...','2020-05-24','2020-06-12 08:06:25.320017'),(77,'YA!너두_돼버릴거야 (Feat. 휘인 of 마마무) (Prod. 기리보이)','https://musicmeta-phinf.pstatic.net/album/004/575/4575391.jpg?type=r120Fll&v=20200523175911','내가 아끼던 곡 -기리보이- 기리보이가 아끼던 곡을 스트리트파이터 게임 두 판으로 훔쳤고 제작진은 감히 섭외 못할 휘인이랑 이나 누나를 제가 섭외했습니다! 왜냐하면 요즘 차트를 노린 명곡을 만들기 위해서!!!! 휘인아! 이나누나! 기리야! 고마워요!! -딘딘-...','2020-05-23','2020-06-12 08:06:25.321027'),(78,'Señorita','https://musicmeta-phinf.pstatic.net/album/003/072/3072037.jpg?type=r120Fll&v=20200218131711','','2019-06-21','2020-06-12 08:06:25.322033'),(79,'호텔 델루나 OST Part 10','https://musicmeta-phinf.pstatic.net/album/003/138/3138272.jpg?type=r120Fll&v=20200218131211','음원킹\' 폴킴, 오늘(12일) \'호텔 델루나\' OST \'안녕\' 공개!! \'애틋+따뜻\' 감성 - 폴킴, \'호텔 델루나\' 열 번째 주자 출격… ‘OST 신드롬\' 쐐기 박는다!! \'믿고 듣는 뮤지션\' 폴킴이 \'호텔 델루나\' OST 신드롬 굳히기에 돌입한다. \'호텔 델루나\' OST 제작사 냠냠엔터...','2019-08-12','2020-06-12 08:06:25.323130'),(80,'너에게 못했던 내 마지막 말은','https://musicmeta-phinf.pstatic.net/album/003/054/3054457.jpg?type=r120Fll&v=20200218131711','너에게 못했던 내 마지막 말은.. 언제든 돌아와 난 여기 있을거야 아무 일 없던 것처럼 햇살 가득한 봄날, 가창미(美) 넘치는 청량한 미디엄 발라드 곡으로 돌아온 5월의 다비치! ‘너에게 못했던 내 마지막 말은\'은 기존 다비치의 정통 발라드와는 또 다른 매력을 느...','2019-05-17','2020-06-12 08:06:25.324321'),(81,'The 8th Mini Album ‘The Nocturne\'','https://musicmeta-phinf.pstatic.net/album/004/560/4560271.jpg?type=r120Fll&v=20200511175911','뉴이스트, 마성의 매력을 가진 남자들로 돌아오다 뉴이스트가 선사하는 과감하고 치명적인 밤의 서사 NU\'EST 8th Mini Album [The Nocturne] 그룹 뉴이스트가 더욱 과감한 시도를 꾀했다. 지난 2019년 10월, 미니 7집 [The Table]을 통해 달콤하게 사랑...','2020-05-11','2020-06-12 08:06:25.325384'),(82,'STABLE MINDSET','https://musicmeta-phinf.pstatic.net/album/003/078/3078042.jpg?type=r120Fll&v=20200218131711','Mini Album [STABLE MINDSET] ‘본연의 윤하를 표현하다\' ‘발라드계의 여신\' 윤하가 1년 7개월만에 4th Mini Album [STABLE MINDSET]로 독보적인 ‘윤하표 발라드\'로 컴백한다. 이번 [STABLE MINDSET] 앨범은 국내 내로라하는 작곡가와 현 떠...','2019-07-02','2020-06-12 08:06:25.326551'),(83,'나의 오랜 연인에게','https://musicmeta-phinf.pstatic.net/album/003/646/3646350.jpg?type=r120Fll&v=20200218131210','\'처음 같은 설레임보다 서로를 따뜻하게 바라봐주는 지금 이대로의 모습이 소중해\' 한 해를 마무리하는 12월, 따뜻한 연말의 감성을 자극할 미디엄 발라드 곡으로 돌아온 다비치! \'나의 오랜 연인에게\'는 오랜 시간 옆 자리를 지켜준 누군가를 향한 감사의 메세지를...','2019-12-03','2020-06-12 08:06:25.327666'),(84,'한 걸음 : 흔적','https://musicmeta-phinf.pstatic.net/album/004/587/4587246.jpg?type=r120Fll&v=20200607175908','전상근 1ST MINI ALBUM [한 걸음 : 흔적] 싱스틸러 ‘전상근\'이 1st MINI ALBUM [한 걸음 : 흔적]으로 컴백한다. 이번 [한 걸음 : 흔적]은 전상근의 첫 번째 미니앨범으로 대중들의 마음속에 한 걸음 한 걸음 다가가 본인의 음악으로 많은 사람들에게 ‘전상근\'...','2020-06-07','2020-06-12 08:06:25.328802'),(85,'포장마차','https://musicmeta-phinf.pstatic.net/album/003/071/3071026.jpg?type=r120Fll&v=20200218131210','역주행의 신예, 황인욱의 감성 가득한 신곡 [포장마차] 발매! - 너와 나의 추억이 담긴... 행복과 슬픔이 공존하는 사랑의 메타포 ‘포장마차\' - 혼술시대의 대표 혼술 위로송의 탄생 예감! “ 행복했기 때문에 슬플 수 있는 그 장소가 당신에게도 있는가... “ “ 곁에 있...','2019-06-20','2020-06-12 08:06:25.329999'),(86,'조금 취했어','https://musicmeta-phinf.pstatic.net/album/003/200/3200482.jpg?type=r120Fll&v=20200218131211','“사랑에 연습이 있었다면”으로 큰 사랑을 받은 바 있는 임재현의 새로운 싱글이 발매되었습니다. 짝사랑을 열병처럼 앓고 계신 분들을 위한 노래입니다. 누구나 마음속에 \'Xiyhen\'이를 가지고 있다고 생각합니다. 그 \'Xiyhen\'이가 누군가에겐 \'지연이\'일 수도, \'...','2019-09-24','2020-06-12 08:06:25.331264'),(87,'17','https://musicmeta-phinf.pstatic.net/album/004/469/4469010.jpg?type=r120Fll&v=20200521182907','','2020-02-28','2020-06-12 08:06:25.332802'),(88,'No.6 Collaborations Project','https://musicmeta-phinf.pstatic.net/album/003/048/3048613.jpg?type=r120Fll&v=20190712110529','팝 슈퍼스타 에드 시런과 전 세계를 대표하는 아티스트들의 콜라보레이션 프로젝트 [No. 6 Collaborations Project] 대 공개! 영국을 대표하는 슈퍼스타 에드 시런(Ed Sheeran)이 프로젝트 앨범 [No.6 Collaborations Project]를 공개한다. 2011년 EP...','2019-07-12','2020-06-12 08:06:25.334283'),(89,'니 소식','https://musicmeta-phinf.pstatic.net/album/003/048/3048745.jpg?type=r120Fll&v=20200218131210','송하예 – 니 소식 송하예가 돌아왔다. 3년만에 반가운 컴백을 알린 송하예는 2011년 오디션 프로그램 JTBC ‘메이드 인 유\'를 비롯해 SBS ‘K팝스타 시즌2\'에 출연하며 대중에게 눈도장을 찍었다. 이후 드라마 ‘청담동 스캔들\' OST ‘행복을 주는 사람\'을 시작으...','2019-05-11','2020-06-12 08:06:25.335691'),(90,'YOU NEVER WALK ALONE','https://musicmeta-phinf.pstatic.net/album/001/781/1781318.jpg?type=r120Fll&v=20190402193714','방탄소년단, ‘YOU NEVER WALK ALONE\' 발매! 외전으로 완성된 ‘WINGS\' “함께라면 웃을 수 있어” 이 시대의 청춘에게 건네는 ‘위로\'와 ‘희망\'의 메시지! 2016년 10월 정규 2집 ‘WINGS\'로 전 세계적인 반향을 일으킨 방탄소년단이 2월 13일 ‘WINGS...','2017-02-13','2020-06-12 08:06:25.336878'),(91,'Physical (Feat. 화사)','https://musicmeta-phinf.pstatic.net/album/004/488/4488804.jpg?type=r120Fll&v=20200318115927','Dua Lipa - Physical (feat. 화사) 마마무 화사가 팝스타 두아 리파(Dua Lipa)의 신곡 ‘Physical\'에 피처링으로 참여한다. 두아 리파와 화사는 지난해 12월 ‘2019 MAMA\'에서 인상적인 합동무대를 펼치며 동서양 대표 걸크러쉬 아이콘의 만남으로 화제를 모...','2020-03-18','2020-06-12 08:06:25.337954'),(92,'정규 2집 \'마음, 둘\'','https://musicmeta-phinf.pstatic.net/album/004/529/4529185.jpg?type=r120Fll&v=20200422175910','\'폴킴\' 정규 2집 [마음, 둘] 지극히 개인적인 시선들을 담았다 생각했는데, 완성된 곡들을 듣다 보니 저만의 이야기가 아닐 수 있겠다는 생각이 듭니다. 최근의 저는 꽤 자주 이미 정해진 정답을 진심인 듯 포장해 말했던 것 같습니다. 한편으론 그게 예의이며 배려...','2020-04-22','2020-06-12 08:06:25.339212'),(93,'사랑하게 될 줄 알았어','https://musicmeta-phinf.pstatic.net/album/000/038/38467.jpg?type=r120Fll&v=20191212161252','어느덧 데뷔 18년을 맞는 신효범의 아홉 번째 앨범. 가창력과 연륜을 겸비한 여가수의 전형을 보여준다. 강현민, 유리상자, 빅 마마 등이 참여. <사랑하게 될 줄 알았어> 등 수록.','2006-03-23','2020-06-12 08:06:25.340264'),(94,'Reload','https://musicmeta-phinf.pstatic.net/album/004/536/4536100.jpg?type=r120Fll&v=20200504165808','‘글로벌 챔피언\' 컴백! NCT DREAM 새 앨범 ‘Reload\' 발매! 강렬한 ‘청춘 스웨그\' 장전 완료! 가요계 히트 질주 예고! 타이틀 곡 ‘Ridin\'\', 폭발적인 에너지X열정 선사! NCT DREAM이 새 앨범 ‘Reload\'로 컴백했다. 이번 앨범에는 타이틀 곡 ‘Ridin\'\'을 비롯...','2020-04-29','2020-06-12 08:06:25.341303'),(95,'여기 적어줘','https://musicmeta-phinf.pstatic.net/album/004/582/4582464.jpg?type=r120Fll&v=20200602103207','눈앞에 보이는 종이든 휴지든 아무거나 붙잡고 적어보세요. -credit Composed by Zion.T, 박준우, MOON, pH-1 Lyrics by Zion.T, pH-1, TAEO Arrangement by haventseenyou, 박준우 Mixed by 고현정 @KOKOSOUND Mastered by Chr...','2020-05-30','2020-06-12 08:06:25.342385');
/*!40000 ALTER TABLE `albums` ENABLE KEYS */;
UNLOCK TABLES;

--
-- Table structure for table `artist_genres`
--

DROP TABLE IF EXISTS `artist_genres`;
/*!40101 SET @saved_cs_client     = @@character_set_client */;
/*!50503 SET character_set_client = utf8mb4 */;
CREATE TABLE `artist_genres` (
  `id` int NOT NULL AUTO_INCREMENT,
  `artist_id` int NOT NULL,
  `genre_id` int NOT NULL,
  PRIMARY KEY (`id`),
  KEY `artist_genres_artist_id_773a1690_fk_artists_id` (`artist_id`),
  KEY `artist_genres_genre_id_1e1ee1ce_fk_genres_id` (`genre_id`),
  CONSTRAINT `artist_genres_artist_id_773a1690_fk_artists_id` FOREIGN KEY (`artist_id`) REFERENCES `artists` (`id`),
  CONSTRAINT `artist_genres_genre_id_1e1ee1ce_fk_genres_id` FOREIGN KEY (`genre_id`) REFERENCES `genres` (`id`)
) ENGINE=InnoDB AUTO_INCREMENT=139 DEFAULT CHARSET=utf8mb4 COLLATE=utf8mb4_0900_ai_ci;
/*!40101 SET character_set_client = @saved_cs_client */;

--
-- Dumping data for table `artist_genres`
--

LOCK TABLES `artist_genres` WRITE;
/*!40000 ALTER TABLE `artist_genres` DISABLE KEYS */;
INSERT INTO `artist_genres` VALUES (1,1,1),(2,1,2),(3,1,3),(4,2,1),(5,2,4),(6,3,1),(7,4,2),(8,5,2),(9,6,2),(10,7,5),(11,7,6),(12,7,7),(13,8,5),(14,9,5),(15,9,2),(16,9,7),(17,10,5),(18,11,1),(19,11,2),(20,12,5),(21,12,12),(22,13,11),(23,14,7),(24,14,1),(25,15,9),(26,16,12),(27,17,2),(28,17,1),(29,18,1),(30,19,7),(31,19,1),(32,20,2),(33,21,10),(34,21,2),(35,22,7),(36,22,1),(37,23,2),(38,23,1),(39,24,3),(40,24,13),(41,25,11),(42,25,1),(43,26,5),(44,27,11),(45,27,8),(46,27,1),(47,28,1),(48,28,9),(49,29,10),(50,29,6),(51,30,1),(52,30,2),(53,31,2),(54,31,10),(55,32,10),(56,33,8),(57,34,1),(58,35,2),(59,35,1),(60,36,1),(61,36,2),(62,37,13),(63,38,18),(64,38,10),(65,39,9),(66,40,7),(67,40,5),(68,41,2),(69,41,5),(70,42,7),(71,43,2),(72,43,1),(73,44,2),(74,44,16),(75,44,10),(76,45,7),(77,45,1),(78,46,16),(79,46,10),(80,47,2),(81,47,7),(82,48,17),(83,48,10),(84,49,5),(85,49,8),(86,50,1),(87,50,7),(88,51,13),(89,52,1),(90,53,1),(91,53,12),(92,54,16),(93,55,10),(94,56,1),(95,57,1),(96,57,7),(97,57,8),(98,58,1),(99,59,7),(100,60,5),(101,60,2),(102,61,10),(103,61,2),(104,61,6),(105,62,2),(106,63,1),(107,64,13),(108,64,2),(109,65,2),(110,66,8),(111,67,15),(112,68,14),(113,68,15),(114,69,2),(115,69,1),(116,70,9),(117,70,6),(118,71,1),(119,71,12),(120,72,5),(121,73,10),(122,74,10),(123,74,16),(124,75,1),(125,75,2),(126,76,2),(127,77,1),(128,77,9),(129,78,1),(130,79,16),(131,80,10),(132,80,11),(133,81,2),(134,82,7),(135,83,1),(136,83,7),(137,83,2),(138,84,2);
/*!40000 ALTER TABLE `artist_genres` ENABLE KEYS */;
UNLOCK TABLES;

--
-- Table structure for table `artists`
--

DROP TABLE IF EXISTS `artists`;
/*!40101 SET @saved_cs_client     = @@character_set_client */;
/*!50503 SET character_set_client = utf8mb4 */;
CREATE TABLE `artists` (
  `id` int NOT NULL AUTO_INCREMENT,
  `name` varchar(100) NOT NULL,
  `debut_date` varchar(50) DEFAULT NULL,
  `image_url` varchar(2000) NOT NULL,
  PRIMARY KEY (`id`)
) ENGINE=InnoDB AUTO_INCREMENT=85 DEFAULT CHARSET=utf8mb4 COLLATE=utf8mb4_0900_ai_ci;
/*!40101 SET character_set_client = @saved_cs_client */;

--
-- Dumping data for table `artists`
--

LOCK TABLES `artists` WRITE;
/*!40000 ALTER TABLE `artists` DISABLE KEYS */;
INSERT INTO `artists` VALUES (1,'아이유(IU)','2008.09.23 데뷔','https://musicmeta-phinf.pstatic.net/artist/000/112/112579.jpg?type=ff300_300&v=20200508101508'),(2,'조정석','2004년 데뷔','https://musicmeta-phinf.pstatic.net/artist/000/077/77391.jpg?type=ff300_300&v=20200331181507'),(3,'전미도','','https://musicmeta-phinf.pstatic.net/artist/000/224/224643.jpg?type=ff300_300&v=20200525175607'),(4,'오마이걸(OH MY GIRL)','2015.04.20 데뷔','https://musicmeta-phinf.pstatic.net/artist/000/401/401694.jpg?type=ff300_300&v=20200421122808'),(5,'TWICE(트와이스)','2015.10.20 데뷔','https://musicmeta-phinf.pstatic.net/artist/000/460/460475.jpg?type=ff300_300&v=20200525141307'),(6,'조이 (JOY)','','https://musicmeta-phinf.pstatic.net/artist/000/344/344039.jpg?type=ff300_300&v=20191223104506'),(7,'식케이 (Sik-K)','','https://musicmeta-phinf.pstatic.net/artist/000/331/331653.jpg?type=ff300_300&v=20200611175911'),(8,'pH-1','','https://musicmeta-phinf.pstatic.net/artist/000/476/476014.jpg?type=ff300_300&v=20200109180007'),(9,'박재범','2008.08.29 데뷔','https://musicmeta-phinf.pstatic.net/artist/000/101/101695.jpg?type=ff300_300&v=20200424152408'),(10,'김하온(HAON)','','https://musicmeta-phinf.pstatic.net/artist/002/371/2371237.jpg?type=ff300_300&v=20190707115840'),(11,'규현(KYUHYUN)','2006.06.07 데뷔','https://musicmeta-phinf.pstatic.net/artist/000/036/36964.jpg?type=ff300_300&v=20200605121509'),(12,'지코 (ZICO)','2011.04.04 데뷔','https://musicmeta-phinf.pstatic.net/artist/000/155/155266.jpg?type=ff300_300&v=20200113153207'),(13,'볼빨간사춘기','','https://musicmeta-phinf.pstatic.net/artist/000/362/362264.jpg?type=ff300_300&v=20200507153308'),(14,'어반자카파','2009.07.02 데뷔','https://musicmeta-phinf.pstatic.net/artist/000/119/119647.jpg?type=ff300_300&v=20190930190202'),(15,'장범준','','https://musicmeta-phinf.pstatic.net/artist/000/170/170739.jpg?type=ff300_300&v=20190321162030'),(16,'미도와 파라솔','','https://vibe.naver.com/img/default_artist.44c0f0ef.png'),(17,'에이핑크(Apink)','2011.04.19 데뷔','https://musicmeta-phinf.pstatic.net/artist/000/155/155052.jpg?type=ff300_300&v=20200413152707'),(18,'권진아','','https://musicmeta-phinf.pstatic.net/artist/000/321/321899.jpg?type=ff300_300&v=20190910114845'),(19,'휘인(Whee In)','','https://musicmeta-phinf.pstatic.net/artist/000/313/313700.jpg?type=ff300_300&v=20191114155607'),(20,'ITZY(있지)','','https://musicmeta-phinf.pstatic.net/artist/002/708/2708920.jpg?type=ff300_300&v=20200302182210'),(21,'Dua Lipa','','https://musicmeta-phinf.pstatic.net/artist/000/454/454291.jpg?type=ff300_300&v=20200219115508'),(22,'가호 (Gaho)','','https://musicmeta-phinf.pstatic.net/artist/000/053/53921.jpg?type=ff300_300&v=20200330102329'),(23,'Red Velvet (레드벨벳)','','https://musicmeta-phinf.pstatic.net/artist/000/343/343255.jpg?type=ff300_300&v=20191223104406'),(24,'Maroon 5','1997년 데뷔','https://musicmeta-phinf.pstatic.net/artist/000/008/8848.jpg?type=ff300_300&v=20190705164320'),(25,'AKMU (악동뮤지션)','2012.11.25 데뷔','https://musicmeta-phinf.pstatic.net/artist/000/243/243100.jpg?type=ff300_300&v=20191001175101'),(26,'창모(CHANGMO)','','https://musicmeta-phinf.pstatic.net/artist/000/330/330966.jpg?type=ff300_300&v=20190103172606'),(27,'곽진언','','https://musicmeta-phinf.pstatic.net/artist/000/287/287862.jpg?type=ff300_300&v=20181116165003'),(28,'엠씨더맥스(M.C the MAX)','2000.05 데뷔','https://musicmeta-phinf.pstatic.net/artist/000/008/8427.jpg?type=ff300_300&v=20200317165215'),(29,'Anne-Marie','','https://musicmeta-phinf.pstatic.net/artist/000/355/355992.jpg?type=ff300_300&v=20200217141708'),(30,'태연 (TAEYEON)','2004.01 데뷔','https://musicmeta-phinf.pstatic.net/artist/000/035/35551.jpg?type=ff300_300&v=20200428104909'),(31,'Lady Gaga','2008.07.09 데뷔','https://musicmeta-phinf.pstatic.net/artist/000/110/110335.jpg?type=ff300_300&v=20200525172508'),(32,'Ariana Grande','','https://musicmeta-phinf.pstatic.net/artist/000/204/204378.jpg?type=ff300_300&v=20190208095914'),(33,'제이레빗(J Rabbit)','2010.11.27 데뷔','https://musicmeta-phinf.pstatic.net/artist/000/145/145629.jpg?type=ff300_300&v=20190710114201'),(34,'노을','2002.12 데뷔','https://musicmeta-phinf.pstatic.net/artist/000/008/8476.jpg?type=ff300_300&v=20181016185601'),(35,'IZ*ONE(아이즈원)','','https://musicmeta-phinf.pstatic.net/artist/002/475/2475444.jpg?type=ff300_300&v=20200609103608'),(36,'에이프릴(APRIL)','2015.08.24 데뷔','https://musicmeta-phinf.pstatic.net/artist/000/453/453563.jpg?type=ff300_300&v=20200422161608'),(37,'Tones And I','','https://musicmeta-phinf.pstatic.net/artist/002/954/2954376.jpg?type=ff300_300&v=20191122162601'),(38,'Lauv','','https://musicmeta-phinf.pstatic.net/artist/001/866/1866171.jpg?type=ff300_300&v=20200304162311'),(39,'하현우 (국카스텐)','2008.12.29 데뷔','https://musicmeta-phinf.pstatic.net/artist/000/126/126605.jpg?type=ff300_300&v=20190803122921'),(40,'Crush','','https://musicmeta-phinf.pstatic.net/artist/000/244/244309.jpg?type=ff300_300&v=20200520100608'),(41,'방탄소년단','2013.06.12 데뷔','https://musicmeta-phinf.pstatic.net/artist/000/143/143179.jpg?type=ff300_300&v=20200220123908'),(42,'백현(BAEKHYUN)','2012.01.30 데뷔','https://musicmeta-phinf.pstatic.net/artist/000/208/208489.jpg?type=ff300_300&v=20200522105208'),(43,'청하','','https://musicmeta-phinf.pstatic.net/artist/000/484/484729.jpg?type=ff300_300&v=20200609115936'),(44,'Justin Bieber','2009.11.24 데뷔','https://musicmeta-phinf.pstatic.net/artist/000/119/119770.jpg?type=ff300_300&v=20191230145507'),(45,'폴킴','','https://musicmeta-phinf.pstatic.net/artist/000/383/383616.jpg?type=ff300_300&v=20200422154610'),(46,'Sam Smith','','https://musicmeta-phinf.pstatic.net/artist/000/259/259942.jpg?type=ff300_300&v=20200211120509'),(47,'마마무(Mamamoo)','','https://musicmeta-phinf.pstatic.net/artist/000/313/313662.jpg?type=ff300_300&v=20191114155504'),(48,'Lizzo','','https://musicmeta-phinf.pstatic.net/artist/000/298/298773.jpg?type=ff300_300&v=20190426160837'),(49,'오반','','https://musicmeta-phinf.pstatic.net/artist/000/470/470713.jpg?type=ff300_300&v=20190117102536'),(50,'백예린','','https://musicmeta-phinf.pstatic.net/artist/000/234/234253.jpg?type=ff300_300&v=20191210124014'),(51,'Billie Eilish','','https://musicmeta-phinf.pstatic.net/artist/001/465/1465252.jpg?type=ff300_300&v=20200420190406'),(52,'이소라','1991년 데뷔','https://musicmeta-phinf.pstatic.net/artist/000/000/198.jpg?type=ff300_300&v=20190103163602'),(53,'김필','2011.08.30 데뷔','https://musicmeta-phinf.pstatic.net/artist/000/168/168076.jpg?type=ff300_300&v=20191204150307'),(54,'Doja Cat','','https://musicmeta-phinf.pstatic.net/artist/000/324/324785.jpg?type=ff300_300&v=20200529151007'),(55,'Troye Sivan','','https://musicmeta-phinf.pstatic.net/artist/000/337/337476.jpg?type=ff300_300&v=20200331120740'),(56,'HYNN(박혜원)','','https://musicmeta-phinf.pstatic.net/artist/001/124/1124853.jpg?type=ff300_300&v=20200331173218'),(57,'마크툽(Maktub)','','https://musicmeta-phinf.pstatic.net/artist/000/170/170118.jpg?type=ff300_300&v=20180911171301'),(58,'영탁','','https://musicmeta-phinf.pstatic.net/artist/000/125/125077.jpg?type=ff300_300&v=20190315173116'),(59,'런치','','https://musicmeta-phinf.pstatic.net/artist/000/093/93829.jpg?type=ff300_300&v=20190920163109'),(60,'BLACKPINK','','https://musicmeta-phinf.pstatic.net/artist/000/500/500555.jpg?type=ff300_300&v=20190404235917'),(61,'Sia','1997년 데뷔','https://musicmeta-phinf.pstatic.net/artist/000/010/10615.jpg?type=ff300_300&v=20180911165908'),(62,'(여자) 아이들','','https://musicmeta-phinf.pstatic.net/artist/002/388/2388740.jpg?type=ff300_300&v=20200406152807'),(63,'전상근','','https://musicmeta-phinf.pstatic.net/artist/000/492/492620.jpg?type=ff300_300&v=20200605170510'),(64,'Halsey','','https://musicmeta-phinf.pstatic.net/artist/000/418/418229.jpg?type=ff300_300&v=20200113174806'),(65,'NCT 127','2016.07.10 데뷔','https://musicmeta-phinf.pstatic.net/artist/000/496/496463.jpg?type=ff300_300&v=20200518110208'),(66,'잔나비','','https://musicmeta-phinf.pstatic.net/artist/000/330/330256.jpg?type=ff300_300&v=20200108215839'),(67,'임영웅','','https://musicmeta-phinf.pstatic.net/artist/000/451/451341.jpg?type=ff300_300&v=20180327164002'),(68,'둘째이모 김다비','','https://musicmeta-phinf.pstatic.net/artist/000/084/84924.jpg?type=ff300_300&v=20200429170308'),(69,'비','1998.05 데뷔','https://musicmeta-phinf.pstatic.net/artist/000/007/7798.jpg?type=ff300_300&v=20190103215008'),(70,'DAY6(데이식스)','2015.09.07 데뷔','https://musicmeta-phinf.pstatic.net/artist/000/455/455339.jpg?type=ff300_300&v=20200507120109'),(71,'황인욱','','https://musicmeta-phinf.pstatic.net/artist/001/749/1749941.jpg?type=ff300_300&v=20191101165919'),(72,'딘딘(DinDin)','','https://musicmeta-phinf.pstatic.net/artist/000/285/285184.jpg?type=ff300_300&v=20180914182311'),(73,'Shawn Mendes','','https://musicmeta-phinf.pstatic.net/artist/000/339/339277.jpg?type=ff300_300&v=20190621183255'),(74,'Camila Cabello','','https://musicmeta-phinf.pstatic.net/artist/000/474/474061.jpg?type=ff300_300&v=20191204175107'),(75,'다비치','2008.01.28 데뷔','https://musicmeta-phinf.pstatic.net/artist/000/097/97268.jpg?type=ff300_300&v=20191203111407'),(76,'뉴이스트','2012.03.15 데뷔','https://musicmeta-phinf.pstatic.net/artist/000/212/212821.jpg?type=ff300_300&v=20200511175911'),(77,'윤하','2004.09.01 데뷔','https://musicmeta-phinf.pstatic.net/artist/000/015/15649.jpg?type=ff300_300&v=20200106161507'),(78,'임재현','','https://musicmeta-phinf.pstatic.net/artist/002/303/2303512.jpg?type=ff300_300&v=20190701151642'),(79,'Pink Sweat$','','https://musicmeta-phinf.pstatic.net/artist/002/902/2902778.jpg?type=ff300_300&v=20200417142208'),(80,'Ed Sheeran','','https://musicmeta-phinf.pstatic.net/artist/000/162/162587.jpg?type=ff300_300&v=20200402161406'),(81,'송하예','','https://musicmeta-phinf.pstatic.net/artist/000/259/259939.jpg?type=ff300_300&v=20191008180255'),(82,'화사(Hwa Sa)','','https://musicmeta-phinf.pstatic.net/artist/000/313/313703.jpg?type=ff300_300&v=20191114155706'),(83,'신효범','1988년 데뷔','https://musicmeta-phinf.pstatic.net/artist/000/001/1505.jpg?type=ff300_300&v=20190104191341'),(84,'NCT DREAM','2016.08.27 데뷔','https://musicmeta-phinf.pstatic.net/artist/000/502/502700.jpg?type=ff300_300&v=20200427103407');
/*!40000 ALTER TABLE `artists` ENABLE KEYS */;
UNLOCK TABLES;

--
-- Table structure for table `dj_stations`
--

DROP TABLE IF EXISTS `dj_stations`;
/*!40101 SET @saved_cs_client     = @@character_set_client */;
/*!50503 SET character_set_client = utf8mb4 */;
CREATE TABLE `dj_stations` (
  `id` int NOT NULL AUTO_INCREMENT,
  `image_url` varchar(2000) NOT NULL,
  `music_id` int DEFAULT NULL,
  `theme_id` int DEFAULT NULL,
  PRIMARY KEY (`id`),
  KEY `dj_stations_music_id_26ced692_fk_music_id` (`music_id`),
  KEY `dj_stations_theme_id_d9254dbf_fk_themes_id` (`theme_id`),
  CONSTRAINT `dj_stations_music_id_26ced692_fk_music_id` FOREIGN KEY (`music_id`) REFERENCES `music` (`id`),
  CONSTRAINT `dj_stations_theme_id_d9254dbf_fk_themes_id` FOREIGN KEY (`theme_id`) REFERENCES `themes` (`id`)
) ENGINE=InnoDB DEFAULT CHARSET=utf8mb4 COLLATE=utf8mb4_0900_ai_ci;
/*!40101 SET character_set_client = @saved_cs_client */;

--
-- Dumping data for table `dj_stations`
--

LOCK TABLES `dj_stations` WRITE;
/*!40000 ALTER TABLE `dj_stations` DISABLE KEYS */;
/*!40000 ALTER TABLE `dj_stations` ENABLE KEYS */;
UNLOCK TABLES;

--
-- Table structure for table `django_content_type`
--

DROP TABLE IF EXISTS `django_content_type`;
/*!40101 SET @saved_cs_client     = @@character_set_client */;
/*!50503 SET character_set_client = utf8mb4 */;
CREATE TABLE `django_content_type` (
  `id` int NOT NULL AUTO_INCREMENT,
  `app_label` varchar(100) NOT NULL,
  `model` varchar(100) NOT NULL,
  PRIMARY KEY (`id`),
  UNIQUE KEY `django_content_type_app_label_model_76bd3d3b_uniq` (`app_label`,`model`)
) ENGINE=InnoDB AUTO_INCREMENT=19 DEFAULT CHARSET=utf8mb4 COLLATE=utf8mb4_0900_ai_ci;
/*!40101 SET character_set_client = @saved_cs_client */;

--
-- Dumping data for table `django_content_type`
--

LOCK TABLES `django_content_type` WRITE;
/*!40000 ALTER TABLE `django_content_type` DISABLE KEYS */;
INSERT INTO `django_content_type` VALUES (3,'account','giftcard'),(4,'account','myfavoritealbum'),(5,'account','myfavoriteartist'),(6,'account','myfavoritemusic'),(7,'account','myplaylist'),(8,'account','recommendation'),(9,'account','user'),(1,'contenttypes','contenttype'),(10,'music','album'),(11,'music','artist'),(18,'music','artistgenre'),(17,'music','djstation'),(12,'music','genre'),(13,'music','music'),(16,'music','musicartist'),(15,'music','myplaylistmusic'),(14,'music','theme'),(2,'sessions','session');
/*!40000 ALTER TABLE `django_content_type` ENABLE KEYS */;
UNLOCK TABLES;

--
-- Table structure for table `django_migrations`
--

DROP TABLE IF EXISTS `django_migrations`;
/*!40101 SET @saved_cs_client     = @@character_set_client */;
/*!50503 SET character_set_client = utf8mb4 */;
CREATE TABLE `django_migrations` (
  `id` int NOT NULL AUTO_INCREMENT,
  `app` varchar(255) NOT NULL,
  `name` varchar(255) NOT NULL,
  `applied` datetime(6) NOT NULL,
  PRIMARY KEY (`id`)
) ENGINE=InnoDB AUTO_INCREMENT=9 DEFAULT CHARSET=utf8mb4 COLLATE=utf8mb4_0900_ai_ci;
/*!40101 SET character_set_client = @saved_cs_client */;

--
-- Dumping data for table `django_migrations`
--

LOCK TABLES `django_migrations` WRITE;
/*!40000 ALTER TABLE `django_migrations` DISABLE KEYS */;
INSERT INTO `django_migrations` VALUES (1,'account','0001_initial','2020-06-12 07:52:26.781750'),(2,'music','0001_initial','2020-06-12 07:52:26.928053'),(3,'account','0002_auto_20200612_0403','2020-06-12 07:52:27.376923'),(4,'contenttypes','0001_initial','2020-06-12 07:52:27.407655'),(5,'contenttypes','0002_remove_content_type_name','2020-06-12 07:52:27.440440'),(6,'music','0002_auto_20200612_0635','2020-06-12 07:52:27.635033'),(7,'sessions','0001_initial','2020-06-12 07:52:27.643426'),(8,'music','0003_auto_20200612_0837','2020-06-12 08:37:24.317323');
/*!40000 ALTER TABLE `django_migrations` ENABLE KEYS */;
UNLOCK TABLES;

--
-- Table structure for table `django_session`
--

DROP TABLE IF EXISTS `django_session`;
/*!40101 SET @saved_cs_client     = @@character_set_client */;
/*!50503 SET character_set_client = utf8mb4 */;
CREATE TABLE `django_session` (
  `session_key` varchar(40) NOT NULL,
  `session_data` longtext NOT NULL,
  `expire_date` datetime(6) NOT NULL,
  PRIMARY KEY (`session_key`),
  KEY `django_session_expire_date_a5c62663` (`expire_date`)
) ENGINE=InnoDB DEFAULT CHARSET=utf8mb4 COLLATE=utf8mb4_0900_ai_ci;
/*!40101 SET character_set_client = @saved_cs_client */;

--
-- Dumping data for table `django_session`
--

LOCK TABLES `django_session` WRITE;
/*!40000 ALTER TABLE `django_session` DISABLE KEYS */;
/*!40000 ALTER TABLE `django_session` ENABLE KEYS */;
UNLOCK TABLES;

--
-- Table structure for table `genres`
--

DROP TABLE IF EXISTS `genres`;
/*!40101 SET @saved_cs_client     = @@character_set_client */;
/*!50503 SET character_set_client = utf8mb4 */;
CREATE TABLE `genres` (
  `id` int NOT NULL AUTO_INCREMENT,
  `name` varchar(50) NOT NULL,
  PRIMARY KEY (`id`)
) ENGINE=InnoDB AUTO_INCREMENT=19 DEFAULT CHARSET=utf8mb4 COLLATE=utf8mb4_0900_ai_ci;
/*!40101 SET character_set_client = @saved_cs_client */;

--
-- Dumping data for table `genres`
--

LOCK TABLES `genres` WRITE;
/*!40000 ALTER TABLE `genres` DISABLE KEYS */;
INSERT INTO `genres` VALUES (1,'발라드'),(2,'댄스'),(3,'팝락'),(4,'뮤지컬'),(5,'랩/힙합'),(6,'일렉트로니카'),(7,'알앤비/어반'),(8,'인디뮤직'),(9,'락'),(10,'팝'),(11,'포크'),(12,'드라마음악'),(13,'얼터너티브 락'),(14,'캐롤'),(15,'트로트'),(16,'알앤비'),(17,'힙합'),(18,'클럽/댄스');
/*!40000 ALTER TABLE `genres` ENABLE KEYS */;
UNLOCK TABLES;

--
-- Table structure for table `giftcards`
--

DROP TABLE IF EXISTS `giftcards`;
/*!40101 SET @saved_cs_client     = @@character_set_client */;
/*!50503 SET character_set_client = utf8mb4 */;
CREATE TABLE `giftcards` (
  `id` int NOT NULL AUTO_INCREMENT,
  `number` varchar(50) NOT NULL,
  PRIMARY KEY (`id`)
) ENGINE=InnoDB DEFAULT CHARSET=utf8mb4 COLLATE=utf8mb4_0900_ai_ci;
/*!40101 SET character_set_client = @saved_cs_client */;

--
-- Dumping data for table `giftcards`
--

LOCK TABLES `giftcards` WRITE;
/*!40000 ALTER TABLE `giftcards` DISABLE KEYS */;
/*!40000 ALTER TABLE `giftcards` ENABLE KEYS */;
UNLOCK TABLES;

--
-- Table structure for table `music`
--

DROP TABLE IF EXISTS `music`;
/*!40101 SET @saved_cs_client     = @@character_set_client */;
/*!50503 SET character_set_client = utf8mb4 */;
CREATE TABLE `music` (
  `id` int NOT NULL AUTO_INCREMENT,
  `name` varchar(50) NOT NULL,
  `sound` varchar(2000) NOT NULL,
  `playtime` time(6) DEFAULT NULL,
  `play_count` int DEFAULT NULL,
  `lyrics` longtext NOT NULL,
  `is_title` tinyint(1) NOT NULL,
  `album_id` int DEFAULT NULL,
  `arranger` varchar(200) DEFAULT NULL,
  `composer` varchar(200) DEFAULT NULL,
  `writer` varchar(200) DEFAULT NULL,
  PRIMARY KEY (`id`),
  KEY `music_album_id_33faeb33_fk_albums_id` (`album_id`),
  CONSTRAINT `music_album_id_33faeb33_fk_albums_id` FOREIGN KEY (`album_id`) REFERENCES `albums` (`id`)
) ENGINE=InnoDB AUTO_INCREMENT=101 DEFAULT CHARSET=utf8mb4 COLLATE=utf8mb4_0900_ai_ci;
/*!40101 SET character_set_client = @saved_cs_client */;

--
-- Dumping data for table `music`
--

LOCK TABLES `music` WRITE;
/*!40000 ALTER TABLE `music` DISABLE KEYS */;
INSERT INTO `music` VALUES (1,'에잇(Prod.&Feat. SUGA of BTS)','1.mp3',NULL,0,'So are you happy now\nFinally happy now are you\n\n뭐 그대로야 난 \n다 잃어버린 것 같아  \n\n모든 게 맘대로 왔다가 인사도 없이 떠나\n이대로는 무엇도 사랑하고 싶지 않아 \n다 해질 대로 해져버린\n기억 속을 여행해 \n\n우리는 오렌지 태양 아래\n그림자 없이 함께 춤을 춰\n정해진 이별 따위는 없어 \n아름다웠던 그 기억에서 만나 \nForever young \n\n우우우 우우우우  우우우 우우우우\nForever we young \n우우우 우우우우\n이런 악몽이라면 영영 깨지 않을게 \n\n섬 그래 여긴 섬 서로가 만든 작은 섬\n예 음 forever young 영원이란 말은 모래성\n\n작별은 마치 재난문자 같지\n그리움과 같이 맞이하는 아침\n서로가 이 영겁을 지나 \n꼭 이 섬에서 다시 만나\n\n지나듯 날 위로하던 누구의 말대로 고작\n한 뼘짜리 추억을 잊는 게 참 쉽지 않아\n시간이 지나도 여전히\n날 붙드는 그곳에 \n\n우리는 오렌지 태양 아래\n그림자 없이 함께 춤을 춰\n정해진 안녕 따위는 없어 \n아름다웠던 그 기억에서 만나 \n\n우리는 서로를 베고 누워\n슬프지 않은 이야기를 나눠\n우울한 결말 따위는 없어\n난 영원히 널 이 기억에서 만나 \nForever young \n\n우우우 우우우우  우우우 우우우우\nForever we young\n우우우 우우우우\n이런 악몽이라면 영영 깨지 않을게',1,1,'슈가, EL CAPITXN, 아이유(IU)','슈가, 아이유(IU), EL CAPITXN','아이유(IU), 슈가'),(2,'아로하','2.mp3',NULL,0,'어두운 불빛아래 촛불 하나\n와인 잔에 담긴 약속하나\n항상 너의 곁에서 널 지켜줄거야\n날 믿어준 너였잖아\n\n나 바라는 건 오직 하나\n영원한 행복을 꿈꾸지만\n화려하지 않아도 꿈같진 않아도\n너만 있어주면 돼\n\n걱정 마 (I believe) \n언제나 (I believe)\n이 순간을 잊지 않을게\n내 품에 (I believe) \n안긴 너의 미소가\n영원히 빛을 잃어 가지 않게\n\nCause your love is so sweet\nYou are my everything\n첫날 밤에 단 꿈에 젖어\n하는 말이 아냐 난 변하지 않아\n오직 너만 바라볼거야 oh\n\nYou’re light of my life\nYou are the one in my life\n내 모든걸 다 잃는데도\n후회하지 않아\n오직 너를 위한\n변하지 않는 사랑으로\n\n\n\n\n\n나 바라는 건 오직 하나\n영원한 행복을 꿈꾸지만\n화려하지 않아도 꿈같진 않아도\n너만 있어주면 돼\n\n약속해 (I believe) \n힘들 땐 (I believe) \n너의 그늘이 되어줄게\n내품에 (I believe)\n안긴 너의 미소가\n영원히 빛을 잃어 가지 않게\n\nCause your love is so sweet\nYou are my everything\n첫날 밤에 단 꿈에 젖어\n하는 말이 아냐 난 변하지 않아\n오직 너만 바라볼거야 oh\n\nYou’re light of my life\nYou are the one in my life\n내 모든걸 다 잃는데도\n후회하지 않아\n오직 너를 위한\n변하지 않는 사랑으로\n\nYou’re light of my life\nYou are the one in my life\n내 모든걸 다 잃는데도\n후회하지 않아\n오직 너를 위한\n변하지 않는 사랑으로\nAll I ever want is your love',1,2,'이상훈','위종수','김태훈'),(3,'사랑하게 될 줄 알았어','3.mp3',NULL,0,'널 처음 사진으로 본 그날\n구십구년 일월 삼십일일\n그날 이후 지금 이 순간까지\n나 하나만 기다려준 너를\n\n오늘도 습관 같은 내 전화\n따스히 받아 주는 너에게\n세상 가장 행복한 사람으로\n만들어 준 너를 너무 사랑해\n\n사랑하게 될 줄 알았어\n우리 처음 만난 그날에\n시간 속에 희미해지는 사랑에\n그대가 흔들린대도\n그땐 내가 잡을게요 그대처럼\n\n너무 편한 사이가 싫어서\n너무 오랜 사랑 힘들어서\n아픈 눈물 흘리는 널 돌아선\n못된 내 마음도 기다려준 너를\n\n사랑하게 될 줄 알았어\n우리 처음 만난 그날에\n시간 속에 희미해지는 사랑에\n그대가 흔들린대도\n그땐 내가 잡을게요 그대처럼 \n \n얼마나 힘들었을까 못난 내 눈물도\n따스히 감싸준 너를\n오- 사랑하게 될 줄 알았어\n\n우리 처음 만난 그날에\n시간 속에 희미해지는 사랑에\n그대가 흔들린대도 내가 잡을게요\n아무 걱정 마요 내 손을 잡아요\n처음 그날처럼 우리',1,3,'오동준','이상규','이상규'),(4,'살짝 설렜어 (Nonstop)','4.mp3',NULL,0,'going nonstop\n말도 안 되잖아 그치 yayayaya\n우린 서로가 모르는 게 없는 사인 걸\n이토록 빤히 nanananana like nanananana\n우리 사이 비밀 따위 있을 리 없는 걸\n다 봤지 우린\n\nhi hi weak body\nlike them burning and burn but 쉿\n요즘 오늘 또 내일 매일 다른 아는 옷\n이렇게 달라 보인다고 hoo\n흑역사까지 전부 알고 있는 널\nyeah 절대 그럴 리는 없어 난 never ever 그래야만 해\n\n무인도에 어느 날 떨어진 거야\n둘만 남게 됐다면 넌 어떨 것 같아\n생각만 해도 무섭다 얼굴을 찌푸렸지만\n너에겐 얘기 못 해 절대로\n\n살짝 설렜어 난 oh nanananana\n살짝 설렜어 난 oh nanananana\n그럴 일 없지만 살짝 설렜어 난\nnonstop nonstop nonstop nonstop nonstop\n그럴 일 없지만 살짝 설렜어 난\n\n요즘 나 너무 외로워 좀 이상해진 것 같아\n너를 보면서 심장이 뛴 건\nback it up pack it up 비켜 서 있어\n두근거렸던 게 문제야\n아냐 그게 대체 왜 죄야\n선을 넘은 거야 fz 레이더\n오르락내리락 여긴 friend zone\n\n무인도에 어느 날 떨어진 거야\n둘만 남게 됐다면 넌 어떨 것 같아\n생각만 해도 무섭다 얼굴을 찌푸렸지만\n너에겐 얘기 못 해 절대로\n\n살짝 설렜어 난 oh nanananana\n살짝 설렜어 난 oh nanananana\n그럴 일 없지만 살짝 설렜어 난\n\nI have to go to the bed by night\n졸음이 오는 걸까 time 필요하지 않지 아마\n머릿속은 이미 지름길이잖아\n네가 원한다면 내가 뒤로 두 칸\nDid you wanna twin spot nop 한 칸\n유감인 척 하지 마 설레는 거 맞잖아\n\n꽤나 혼란스러워 이러는 나도\n누구보다 더 이럴 땐 너를 찾아갔지만\n이 고민만큼은 네게 말할 수 없어\n언제부턴가 널 보면\n살짝 설렜어 난\n\n살짝 설렜어 난 oh nanananana\n살짝 설렜어 난 oh nanananana\n그럴 일 없지만 살짝 설렜어 난\nnonstop nonstop nonstop nonstop nonstop\n그럴 일 없지만 살짝 설렜어 난\nnonstop nonstop nonstop nonstop nonstop\n넌 알 리 없지만 살짝 설렜어 난',1,4,'Sebastian Thott','Steven Lee, Andreas Johansson, Laurell, Sebastian Thott','서지음, 미미(오마이걸)'),(5,'MORE & MORE','5.mp3',NULL,0,'I know I want it\n입에 바른 소린 이제 그만할게\nCause I deserve it deserve it\n혹시 잠깐 내가 미워지더라도 걱정 안 할게\nCause I know you I know you\n\n내 눈을 자꾸 피해봐\n네 맘을 자꾸 숨겨봐\n나에게서 도망쳐봐 No no\n감았던 눈을 떴을 때\n문득 내가 떠오를 때\nYou are gonna be mine again\n\nYou\'re gonna say more more more more more and more\n멈추지 못해 More more more and more\n그러니 한 번 더 \nI wanna have more more more more more and more\n멈추기 싫어 More more more and more\n그러니 한 번 더\n\n멈추지를 못해\nMore and more \n그러니 한 번 더\n멈추기가 싫어\nMore and more\n그러니 한 번 더\n\nDo you feel me\n니가 날 위한 사람이라고 믿니\nOnly for me only for me\n간지러운 말은 굳이 하지 않아도 넌\nCause you know me you know me\n\n네 귀를 자꾸 막아도\n나를 멀리 밀어내도\n나에게서 멀어져도 (저 멀리) No no\n내가 다시 널 부르면\n나의 목소릴 들으면\nYou are gonna be mine again\nYeah 한 번 더\n\nYou\'re gonna say more more more more more and more\n멈추지 못해 More more more and more\n그러니 한 번 더 \nI wanna have more more more more more and more\n멈추기 싫어 More more more and more\n그러니 한 번 더\n\n멈추지를 못해\nMore and more \n그러니 한 번 더\n멈추기가 싫어\nMore and more\n그러니 한 번 더\n\n난 원래 욕심쟁이 몰랐다면 미안\n사과는 미리 할게 Cuz I want you more more\n의견은 필요 없어 훔칠 거야 네 맘\n내게 홀리게 될걸 You can\'t say no no\n난 도둑고양이 오늘만은 널\n꼭 잡으러 왔으니까 딱 기다려 너 \n멀리 가지 말고 다시 내게 Come come\nYeah 한 번 더\n\n멈추지를 못해\nMore and more \n그러니 한 번 더\n멈추기가 싫어\nMore and more\n그러니 한 번 더',1,5,'MNEK, 박진영, 이해솔','MNEK, Justin Tranter, Julia Michaels, Zara Larsson','박진영, 비비(BIBI)'),(6,'좋은 사람 있으면 소개시켜줘','6.mp3',NULL,0,'좋은 사람 있으면 소개시켜줘 \n때로는 물처럼 때로는 불처럼 \n진심으로 나만을 사랑할 수 있는 \n성숙하고 성실한 사람이라면 좋겠어 \n\n좋은 사람 있으면 소개시켜줘 \n사랑에도 연습은 있는 거기에 \n아주 조그만 일에도 신경을 써주는 \n사랑 경험이 많은 사람이라면 좋겠어 \n\n한번쯤은 실연에 울었었던 \n눈이 고운 사람 품에 안겨서 \n뜨겁게 위로받고 싶어 \n\n혼자임에 지쳤던 내 모든걸 \n손이 고운 사람에게 맡긴 채 \n외로움을 잊을 수 있다면 \n\n좋은 사람 있으면 소개시켜줘 \n만남 그 자체에 연연하기보다 \n한번을 만나더라도 그 때 분위기에 \n최선을 다하려는 사람이라면 좋겠어 \n나에겐 아픈 상처가 있는데 \n과거가 없는 사람은 부담스러워  \n\n한번쯤은 실연에 울었었던 \n눈이 고운 사람 품에 안겨서 \n뜨겁게 위로받고 싶어 \n\n혼자임에 지쳤던 내 모든걸 \n손이 고운 사람에게 맡긴 채 \n외로움을 잊을 수 있다면 \n\n겨울이라 날씨가 추웠을까\n팔짱끼는 연인들의 모습에\n나의 눈이 왜 시려울까\n한땐 나도 저런 때 있었다며 \n\n새로운 사람이 그리운걸까\n옛사람이 그리워진걸까\n옛사람이 그리워진걸까',1,6,'룬디 블루스(Lundi Blues)','정재형','김희탐'),(7,'Dolphin','',NULL,0,'oh my god 타이밍이 참 얄미워\n오늘 같은 날 마주쳐 이게 뭐야\n머리는 엉망인 데다\n상태가 말이 아니야\n모른 척 지나가 줘\n\n내 맘이 방심할 때마다 불쑥 나타난 뒤\n헤엄치듯 멀어지는 너\n또 물보라를 일으켜\nda da da da da da da da da da\nda da da da\n또 물보라를 일으켜\nda da da da da da da da da da\nda da da da\n또 물보라를 일으켜\n\n어쩐지 오늘 알람이 안 울려\n아무거나 막 입었고 지각이야\n아래로 몸을 낮추고 숨을 꾹 참아봤지만\n아이쿠 들켰나 봐\n\n내 맘이 방심할 때마다 불쑥 나타난 뒤\n헤엄치듯 멀어지는 너\n또 물보라를 일으켜\nda da da da da da da da da da\nda da da da\n또 물보라를 일으켜\nda da da da da da da da da da\nda da da da\n또 물보라를 일으켜\n\n이 파도 위 난 온종일 서핑을 하는 느낌\n아찔한 feeling 난 솔직히 푹 빠졌지\n하지만 이건 secret 또 물보라를 일으켜\n\n갑자기 웃으며 얼굴을 불쑥 다가온 뒤\n원을 갈라 하트를 그려\n또 물보라를 일으켜\nda da da da da da da da da da\nda da da da\n또 물보라를 일으켜\nda da da da da da da da da da\nda da da da\n또 물보라를 일으켜\n\nda da da da da da da da da da\nda da da da\n또 물보라를 일으켜\nda da da da da da da da da da\nda da da da\n또 물보라를 일으켜',1,4,'Ryan S.Jhun, Celine Svanback, Chloe Latimer, Jeppe London, Lauritz Christiansen','Ryan S.Jhun, Celine Svanback, Chloe Latimer, Jeppe London, Lauritz Christiansen','서정아'),(8,'깡 Official Remix','8.mp3',NULL,0,'Yeah yeah H1GHR GGANG back at it again\nYeah yeah better watch out I’m gonna make it rain\n차에 타봐 uh yeah\nBefore I hop out uh yeah\n과연 누가 hot uh yeah\nBrother u not uh \n\nYeah 다시 돌아왔지\nIt’s H1GHR GGANG\nYea we came back again\nWOAH\n이건 농담 아냐\n다 매번 놀라 너무 오른 내 폼에\nWOAH\n전 세계를 돌아 we touring 지구 저 반대편까지 yea\n누워서 가는 비행기 덕에 우린 절대로 차엔 안타지\n\n차엔 안타지, 시간은 가지 tickin and tockin\n가짜들 바삐 도망이나 가지 난 전부 다 깡그리\n잡아 안 놓쳐, H1GHR GGANG 또 난동 펴\n니네 팀 분위기 다 초 쳐\nRide or die lil homie I told ya\nH1GHR GGANG\n\n화려한 조명이 날\n감싸지 않아도 난 빛이 나\n불이 꺼져 홀로 남아도\n앞을 향해 계속 달려가\nH1GHR GGANG we swagging\nBoy you know we on the way\nHater들이 뭐라 해도\nDon’t care what they say\n모든 거를 적셔 적셔\nCan u feel the rain\n난 쓰러질 때까지 널 위해 춤을 춰\n\nGotta hunnit dollaz\nI’m a baller baller I’m a shot caller\nWhat my ala motter\nIt’s get money money then I hit up follies\n남자 놈들 왜 이리 말이 많아\n네가 나를 알아? I get hotter hotter\n똑같이 벌어도 우린 달라 달라\n내 시간 원해 빌어 싸바싸바\n난 hustler workman like lululala\n\n나는 없어 자만\n해내야만 했어     \n허세와는 거리가 넘 멀어     \n더 세게 밟아 들어가 이제 터널\nTV에 나와 like timmy turner \n나 비처럼 fly\nAin’t gon’ lie \n하늘에 누워있지 다 물 만나 \n아무리 따라와봤자 날 못 잡아\nH1GHR gang 아니 고쳐 깡\n\n화려한 조명이 날\n감싸지 않아도 난 빛이 나\n불이 꺼져 홀로 남아도\n앞을 향해 계속 달려가\nH1GHR GGANG we swagging\nBoy you know we on the way\nHater들이 뭐라 해도\nDon’t care what they say\n모든 거를 적셔 적셔\nCan u feel the rain\n난 쓰러질 때까지 널 위해 춤을 춰\n\nYeah yeah H1GHR GGANG back at it again\nYeah yeah better watch out I’m gonna make it\n차에 타봐 uh yeah\nBefore I hop out uh yeah\n과연 누가 hot uh yeah\nBrother u not uh \nH1GHR GGANG we get it all\n화려한 조명 이리로',1,7,'KEY MAKER, 조용민','KEY MAKER, 길, 조용민','Ltak, 길, 식케이 (Sik-K), pH-1, 박재범, 김하온(HAON)'),(9,'화려하지 않은 고백','',NULL,0,' \n \n언젠가 그대에게 준 \n눈부신 꽃다발\n그 빛도 향기도 \n머지않아 슬프게 시들고 \n\n꽃보다 예쁜 지금 그대도 \n힘없이 지겠지만\n그때엔 꽃과 다른 \n우리만의 정이 \n숨을 쉴거야 \n\n사랑하는 나의 사람아 \n말없이 약속할게\n그대 눈물이 마를때까지 \n내가 지켜준다고\n멀고 먼 훗날 지금을 회상하며\n작은 입맞춤을 할 수 있다면 \n\n이 넓은 세상위에\n그 길고 긴 시간속에\n그 수많은 사람들중에 \n오직 그대만을 사랑해 \n\n사랑하는 나의 사람아\n말없이 약속할게\n그대 눈물이 마를때까지 \n내가 지켜 준다고\n멀고 먼 훗날 지금을 회상하며\n작은 입맞춤을 할 수 있다면\n\n이 넓은 세상위에\n그 길고 긴 시간 속에\n그 수많은 사람들중에 \n오직 그대만을 사랑해\n\n이 넓은 세상위에 \n그 길고긴 시간 속에\n그 수많은 사람들중에\n그댈 만난걸 감사해',1,8,'박근철, 정수민','오태호','오태호'),(10,'아무노래','',NULL,0,'왜들 그리 다운돼있어?\n\n뭐가 문제야 say something\n\n분위기가 겁나 싸해\n\n요새는 이런 게 유행인가\n\n왜들 그리 재미없어?\n\n아 그건 나도 마찬가지\n\nTell me what I got to do\n\n급한 대로 블루투스 켜\n\n\n\n아무 노래나 일단 틀어\n\n아무거나 신나는 걸로\n\n아무렇게나 춤춰\n\n아무렇지 않아 보이게\n\n아무 생각 하기 싫어\n\n아무개로 살래 잠시\n\nI’m sick and tired of my everyday\n\nKeep it up 한 곡 더\n\n\n\n아무 노래나 일단 틀어\n\n아무렴 어때 It’s so boring\n\n아무래도 refresh가 시급한 듯해 쌓여가 스트레스가\n\n배꼽 빠질 만큼만 폭소하고 싶은 날이야\n\nWhat up my dawgs 어디야 너희\n\n올 때 병맥주랑 까까 몇 개 사 와 huh\n\n\n\n클럽은 구미가 잘 안 당겨\n\n우리 집 거실로 빨랑 모여\n\n외부인은 요령껏 차단 시켜\n\n밤새 수다 떨 시간도 모자라\n\n누군 힘들어 죽겠고 누군 축제\n\n괜히 싱숭생숭 I want my youth back\n\n좀 전까지 왁자지껄\n\n하다 한 명 두 명씩 자릴 떠\n\n\n\n왜들 그리 다운돼있어?\n\n뭐가 문제야 say something\n\n분위기가 겁나 싸해\n\n요새는 이런 게 유행인가\n\n왜들 그리 재미없어?\n\n아 그건 나도 마찬가지\n\nTell me what I got to do\n\n급한 대로 블루투스 켜\n\n\n\n아무 노래나 일단 틀어\n\n아무거나 신나는 걸로\n\n아무렇게나 춤춰\n\n아무렇지 않아 보이게\n\n아무 생각 하기 싫어\n\n아무개로 살래 잠시\n\nI’m sick and tired of my everyday\n\nKeep it up 한 곡 더\n\n\n\n떠나질 못할 바엔\n\n창밖은 쳐다도 안 봐\n\n회까닥해서 추태를 부려도\n\nNo worries at all\n\n이미지 왜 챙겨 그래 봤자 우리끼린데\n\n\n\nOhh 늦기 전에 막판 스퍼트\n\n20대가 얼마 안 남았어\n\n편한 옷으로 갈아입어\n\nYou look nice\nget’em high\n\n얼핏 보면 그냥 코미디\n\n이렇게 무해한 파티 처음이지?\n\n만감이 교차하는 새벽 2시경\n\n술잔과 감정이 소용돌이쳐\n\n\n\n왜들 그리 다운돼있어?\n\n뭐가 문제야 say something\n\n분위기가 겁나 싸해\n\n요새는 이런 게 유행인가\n\n왜들 그리 재미없어?\n\n아 그건 나도 마찬가지\n\nTell me what I got to do\n\n급한 대로 블루투스 켜\n\n\n\n아무 노래나 일단 틀어\n\n아무거나 신나는 걸로\n\n아무렇게나 춤춰\n\n아무렇지 않아 보이게\n\n아무 생각 하기 싫어\n\n아무개로 살래 잠시\n\nI’m sick and tired of my everyday\n\nKeep it up 한 곡 더\n\n아무 노래나 일단\n\n\n\n아무 노래 아무 노래 아무 노래나 틀어봐\n\n아무 노래 아무 노래 아무 노래나 틀어봐\n\n아무 노래 아무 노래 아무 노래나 틀어봐\n\n아무 노래 아무 노래 아무 노래나 KOZ',1,9,'지코 (ZICO), Poptime','지코 (ZICO), Poptime','지코 (ZICO)'),(11,'나비와 고양이 (Feat. 백현 (BAEKHYUN))','11.mp3',NULL,0,'나를 보면 숨어요 어디든 자유롭게 날아요\n이 날씨도 그댈 위한 거예요\n난 너를 찾아요 그러면 그댄 어디든 있어요\n내 손 위에 머물러 잠시 앉아 쉬어요\n\n몰래몰래 그대를 보아요\n사랑스런 날개 그댄 어디서 온 건가요\n말하지 못한 채 나 손을 뻗어요\n보랏빛 날개 그대는 달아요\n\n내 맘이 그런 것처럼\n그대 맘이 그런 것처럼 yeah\n\n나를 보면 숨어요 어디든 자유롭게 날아요\n이 날씨도 그댈 위한 거예요\n난 너를 찾아요 그러면 그댄 어디든 있어요\n내 손 위에 머물러 잠시 앉아 쉬어요\n \n가만히 난 몰래몰래 그대를 보아요\n사랑스런 날개 그댄 어디서 온 건가요\n말하지 못한 채 나 손을 뻗어요\n보랏빛 날개 그대는 달아요\n\n내 맘이 그런 것처럼\n그대 맘이 그런 것처럼 yeah\n\n나를 보면 숨어요 어디든 자유롭게 날아요\n이 날씨도 그댈 위한 거예요\n난 너를 찾아요 그러면 그댄 어디든 있어요\n내 손 위에 머물러 잠시 앉아 쉬어요\n\n설렘이 가득하죠\n이 날씨도 그 기분까지도\n난 너를 찾아요 그러면 그댄 어디든 있어요\n내 손 위에 머물러 잠시 앉아 쉬어요\n\n내 어깨에 기대어\n잠시 눈을 감아요',1,10,'바닐라맨(바닐라 어쿠스틱)','안지영, 바닐라맨(바닐라 어쿠스틱)','안지영'),(12,'그대 고운 내사랑','',NULL,0,'세상에 지쳐가던 내게 그대는 다가와 \n가물어 갈라진 가슴에 단비를 주었죠 \n잊었던 희망의 노래가 새록새록 솟고 \n그댈 그리며 사는 날들 꿈만 같아요 \n\n그대 고운 내사랑 오월의 햇살 같은 꿈이여 \n그댈 기다리며 보내는 밤은 왜이리 더딘 건지 \n\n그대 고운 내사랑 오월의 햇살 같은 꿈이여 \n그댈 기다리며 보내는 밤은 왜이리 더딘지 \n\n그대 짊어진 삶의 무게 가늠하지 못해 \n오늘도 나는 이렇게 외로워하지만 \n가시나무 숲 서걱이던 내 가슴 치우고\n그대를 쉬게 하고 싶어 내 귀한 사람아 \n\n그대 고운 내사랑 오월의 햇살 같은 꿈이여 \n그댈 기다리며 보내는 밤은 왜이리 더딘 건지 \n\n그대 고운 내사랑 오월의 햇살 같은 꿈이여 \n그댈 기다리며 보내는 밤은 왜이리 더딘지 ',1,11,'유정현','윤민석','윤민석'),(13,'흔들리는 꽃들 속에서 네 샴푸향이 느껴진거야','',NULL,0,'흔들리는 꽃들 속에서 네 샴푸향이 느껴진거야\n\n스쳐지나간건가 뒤돌아보지만 그냥 사람들만 보이는거야\n\n다와가는 집근처에서 괜히 핸드폰만 만지는거야\n\n한번 연락해 볼까 용기내 보지만 그냥 내 마음만 아쉬운 거야\n\n\n\n걷다가 보면 항상 이렇게 너를 바라만 보던 너를 기다린다고 말할까\n\n지금 집앞에 계속 이렇게 너를 아쉬워 하다 너를 연락했다 할까\n\n\n\n지나치는 꽃들 속에서 네 샴푸향만 보이는거야\n\n스쳐지나간건가 뒤 돌아보지만 그냥 내 마음만 바빠진거야\n\n\n\n걷다가 보면 항상 이렇게 너를 바라만 보던 너를 기다린다고 말할까\n\n지금 집앞에 계속 이렇게 너를 아쉬워 하다 너를 연락했다 할까\n\n\n\n어떤 계절이 너를 우연히라도 너를 마주치게 할까\n\n난 이대로 아쉬워하다 너를 바라만 보던 너를\n\n기다리면서 아무말 못하고 그리워만 할까\n\n\n\n걷다가 보면 항상 이렇게 너를 바라만 보던 너를 생각한다고 말할까\n\n지금 집앞에 기다리고 때론 지나치고 다시 기다리는\n\n꽃이 피는 거리에 보고파라 이밤에\n\n걷다가 보면 항상 이렇게 너를 아쉬워 하다 너를 기다린다고 말할까\n\n지금 집앞에 계속 이렇게 너를 아쉬워 하다 너를 연락했다 할까',1,12,'장범준, 전영호, 민재현, 이규형','장범준','장범준'),(14,'너에게 난, 나에게 넌','14.mp3',NULL,0,'너에게 난 해질녘 노을처럼 \n한편의 아름다운 추억이 되고\n소중했던 우리 푸르던 날을 기억하며\n우 후회 없이 그림처럼 남아주기를\n\n나에게 넌 내 외롭던 지난 시간을 \n환하게 비춰주던 햇살이 되고\n조그맣던 너의 하얀 손위에 \n빛나는 보석처럼 영원의 약속이 되어\n\n너에게 난 해질녘 노을처럼\n한편의 아름다운 추억이 되고\n소중했던 우리 푸르던 날을 기억하며 \n우 후회 없이 그림처럼 남아주기를\n\n나에게 넌 초록의 슬픈 노래로 \n내 작은 가슴속에 이렇게 남아\n반짝이던 너의 예쁜 눈망울에 \n수많은 별이 되어 영원토록 빛나고 싶어\n\n너에게 난 해질녘 노을처럼 \n한편의 아름다운 추억이 되고\n소중했던 우리 푸르던 날을 기억하며 \n우 후회 없이 그림처럼 남아주기를\n\n너에게 난 해질녘 노을처럼 \n한편의 아름다운 추억이 되고\n소중했던 우리 푸르던 날을 기억하며 \n우 후회 없이 그림처럼 남아주기를 \n\n그림처럼 남아주기를',1,13,'이상훈','송봉주','송봉주'),(15,'덤더럼(Dumhdurum)','',NULL,0,'Hey 느낌이 너무 이상한 걸 좀\n나를 위해 보내준다는 말이\n직감은 두려워 너무 참 잘 맞아서\n하루하루 밀어냈던 느낌 그대로\n\n화려해 감춰진 모습\n다 들킬까 봐 겁나 너는 내 맘 몰라\n걱정 마 Baby I’m so fine\n아냐 아무렇지 않아 괜찮아\n\n내 맘은 덤더러 럼더러럼\n누구보다 차갑던 네가 떠난 거야 잘 된 거야 …\nBye bye baby덤더러 럼더러럼\n별로 슬프지 않아 눈물 흘리지 않아\n벌써 다 끝나버린 내 맘은 덤더럼 덤덤\n\n봐봐봐봐 yeah\n내 맘은 덤더럼 덤덤\n거짓말 같다고 말하지 마\n내 맘은 덤더럼 덤덤\n\nYeah nananana It’s like nananana\n어딜 가도 슬픈 노래들뿐\nYou know this feeling\nNananana Yeah nananana\n사랑 못 할 거라 생각해 가끔\n\n화려해 감춰진 모습\n더 예뻐진 거 같아 속으론 더 아파\n걱정 마 Baby I’m so fine\n아냐 아무렇지 않아 괜찮아\n \n내 맘은 덤더러 럼더러럼\n누구보다 차갑던 네가 떠난 거야 잘 된 거야 …\nBye bye baby덤더러 럼더러럼\n별로 슬프지 않아 눈물 흘리지 않아\n벌써 다 끝나버린 내 맘은 덤더럼 덤덤\n \n봐봐봐봐 yeah\n내 맘은 덤더럼 덤덤\n거짓말 같다고 말하지 마\nno no no no\n\n그리워 매번 잠들기 전에 yeah yeah\n목소릴 들어야 스르르 눈 감았지\n시간이 정말 모든 걸 지워준다 해도\nSomeday 다 그렇게 된대도\n\n내 맘은 덤더럼 덤덤\n\n봐봐봐봐 yeah\n내 맘은 덤더럼 덤덤\n거짓말 같다고 말하지 마\n내 맘은 덤더럼 덤덤',1,14,'라도','블랙아이드필승, 전군','블랙아이드필승, 전군'),(16,'Blueming','',NULL,0,'‘뭐해?‘라는 두 글자에\n‘네가 보고 싶어’ 나의 속마음을 담아 우\n이모티콘 하나하나 속에\n달라지는 내 미묘한 심리를 알까 우\n\n아니 바쁘지 않아 nothing no no \n잠들어 있지 않아 insomnia nia nia\n지금 다른 사람과 함께이지 않아\n응, 나도 너를 생각 중\n\n우리의 네모 칸은 bloom\n엄지손가락으로 장미꽃을 피워 \n향기에 취할 것 같아 우\n오직 둘만의 비밀의 정원\n\nI feel bloom I feel bloom I feel bloom\n너에게 한 송이를 더 보내\n\n밤샘 작업으로 업데이트\n흥미로운 이 작품의 지은이 that’s me 우\n어쩜 이 관계의 클라이맥스\n2막으로 넘어가기엔 지금이 good timing 우\n\n같은 맘인 걸 알아 realize la lize\n말을 고르지 말아 just reply la la ly\n조금 장난스러운 나의 은유에\n네 해석이 궁금해 \n\n우리의 색은 gray and blue \n엄지손가락으로 말풍선을 띄워\n금세 터질 것 같아 우\n호흡이 가빠져 어지러워\n\nI feel blue. I feel blue. I feel blue.\n너에게 가득히 채워 \n\n띄어쓰기없이보낼게사랑인것같애\n백만송이장미꽃을, 나랑피워볼래?\n꽃잎의 색은 우리 마음 가는 대로 칠해\n시들 때도 예쁘게\n\n우리의 네모 칸은 bloom\n엄지손가락으로 장미꽃을 피워 \n향기에 취할 것 같아 우\n오직 둘만의 비밀의 정원\n\nI feel bloom I feel bloom I feel bloom\n너에게 한 송이를 더 보내',1,15,'이종훈, 이채규','이종훈, 이채규, 아이유(IU)','아이유(IU)'),(17,'Lonely Night','',NULL,0,'이런 시간엔 더 그리워\n홀로 남는 이 순간\n떠난 줄 알면서도\n자꾸 떠오르는 너\n\n왜 넌 그때 날 떠났을까\n너무 힘이 든다던 그게\n이유라면 이유일 수 있지만\n나는 알 수 없는걸\n\nLonely Night Lonely Night\n떠나던 그 모습이 남았던\nLonely Night so Lonely Night\n기억 속에 남은 모습으로\n\n이런 시간들이 외로워 모두 \n떠난 이 밤엔 잊으려고 해봐도\n자꾸 떠오르는 너\n\n왜 난 그때 널 보냈을까\n견딜 수도 없을 걸 알며\n마음으로 애원했었지만\n그저 바라보았어\n\nLonely Night Lonely Night\n떠나던 그 모습이 남았던\nLonely Night so Lonely Night\n기억 속에 남은 모습으로\n\n지금도 그리운걸 외로운 \n밤 홀로 일 땐\n떠나던 뒷 모습이 한 없이 그리운걸\n\nLonely Night Lonely Night\n떠나던 그 모습이 남았던\nLonely Night so Lonely Night\n기억 속에 남은 모습으로\nLonely Night Lonely Night\n떠나던 그 모습이 남았던\nLonely Night so Lonely Night\nso Lonely Night \nso Lonely Night\nLonely Night',1,16,'박근철, 정수민','김태원','김태원'),(18,'내 눈물 모아','',NULL,0,'창밖으로 하나둘씩 \n불빛이 꺼질 때쯤이면 \n하늘에 편지를 써\n날 떠나 다른 사람에게 갔던 \n너를 잊을 수 없으니 \n내 눈물 모아서 하늘에\n\n너의 사랑이 아니라도 \n네가 나를 찾으면 너의 곁에 \n키를 낮춰 눕겠다고 \n잊혀지지 않으므로 널 \n그저 사랑하겠다고\n\n그대여 난 기다릴 거예요\n내 눈물의 편지 하늘에 닿으면\n언젠가 그대 돌아오겠죠 내게로 \n난 믿을 거예요 눈물 모아\n\n\n너의 사랑이 아니라도 \n네가 나를 찾으면 너의 곁에 \n키를 낮춰 눕겠다고 \n잊혀지지 않으므로 널 \n그저 사랑하겠다고\n\n그대여 난 기다릴 거예요 \n내 눈물의 편지 하늘에 닿으면\n언젠가 그대 돌아오겠죠 내게로 \n\n그대여 난 기다릴 거예요 \n내 눈물의 편지 하늘에 닿으면\n언젠가 그대 돌아오겠죠 내게로 \n난 믿을 거예요 눈물 모아',1,17,'한재완','정재형','김희탐'),(19,'WANNABE','',NULL,0,'잔소리는 Stop it 알아서 할게\n내가 뭐가 되든 내가 알아서 할 테니까 좀\nI do what I wanna \n평범하게 살든 말든 내버려 둘래? \n어차피 내가 살아 내 인생 내거니까\nI\'m so bad bad 차라리 이기적일래\n눈치 보느라 착한 척 상처받는 것보다 백번 나아\nI\'m just on my way 간섭은 No No 해\n말해버릴지도 몰라 너나 잘하라고\n\n누가 뭐라 해도 난 나야 난 그냥 내가 되고 싶어\nI wanna be me, me, me\n굳이 뭔가 될 필요는 없어 난 그냥 나일 때 완벽하니까\nI wanna be me, me, me\n\nI don\'t wanna be somebody\nJust wanna be me, be me\nI wanna be me, me, me\nI don\'t wanna be somebody \nJust wanna be me, be me\nI wanna be me, me, me\n\nErrbody errbody errbody teachin\' me (All eyes on me)\n이래라 저래라 모두 한마디씩 (Don\'t touch me)\nAh yeah yeah yeah yeah yeah 내 앞가림은 내가 해\nI\'mma do my thang, Just do your thang\nCuz I\'m the one & only\n사람들은 남 말 하기를 좋아해 \n남의 인생에 뭔 관심이 많아 왜\n저기 미안하지만 신경 좀 꺼줄래요\n\nIt\'s none of your business\nI do my own business\n\n누가 뭐라 해도 난 나야 난 그냥 내가 되고 싶어\nI wanna be me, me, me\n굳이 뭔가 될 필요는 없어 난 그냥 나일 때 완벽하니까\nI wanna be me, me, me\n\nNo matter if you love me or hate me\nI wanna be me\nOne and only me\nIf you feel me, turn this beat up\nI wanna be me, me, me\n\n누가 뭐라 해도 난 나야 난 그냥 내가 되고 싶어\nI wanna be me, me, me\n굳이 뭔가 될 필요는 없어 난 그냥 나일 때 완벽하니까\nI wanna be me, me, me\n\nI don\'t wanna be somebody\nJust wanna be me, be me\nI wanna be me, me, me\nI don\'t wanna be somebody \nJust wanna be me, be me\nI wanna be me, me, me',1,18,'team GALACTIKA *','별들의전쟁 * (Galactika *), 우빈(GALACTIKA *)','별들의전쟁 * (Galactika *)'),(20,'Don\'t Start Now','',NULL,0,'If you don’t wanna see me\n\nDid a full one eighty, crazy\nThinking bout the way I was\nDid the heartbreak change me, maybe\nBut look at where I ended up\n\nI’m all good already \nSo moved on it’s scary\nI’m not where you left me at all\n\nSo if you don’t wanna see me dancing with somebody\nIf you want to believe that anything could stop me\n\nDon’t show up\nDon’t  come out\nDon’t start caring\nAbout me now\nWalk away\nYou know how\nDon’t start caring\nAbout me now\n\nAren’t you the guy who tried to\nHurt me with the word goodbye \nThough it took some time to survive you\nI’m better on the other side\n\nI’m all good already \nSo moved on it’s scary\nI’m not where you left me at all\n\nSo if you don’t wanna see me dancing with somebody\nIf you want to believe that anything could stop me\n\nDon’t show up\nDon’t  come out\nDon’t start caring\nAbout me now\nWalk away\nYou know how\nDon’t start caring\nAbout me now\n\nDon’t start now\nDon’t start now\nDon’t start now\nI’m not where you left me at all\n\nSo if you don’t wanna see me dancing with somebody\nIf you want to believe that anything could stop me\n\nDon’t show up\nDon’t  come out\nDon’t start caring\nAbout me now\nWalk away\nYou know how\nDon’t start caring\nAbout me now',1,19,'','','Caroline Ailin, Dua Lipa, Emily Warren, Ian Kirkpatrick'),(21,'시작','',NULL,0,'새로운 시작은 늘 설레게 하지\n모든 걸 이겨낼 것처럼\n시간을 뒤쫓는 시계바늘처럼\n앞질러 가고 싶어 하지\n그어 놓은 선을 넘어\n저마다 삶을 향해\n때론 원망도 하겠지\n그 선을 먼저 넘지 말라고\nI can fly the sky\nNever gonna stay\n내가 지쳐 쓰러질 때까진\n어떤 이유도\n어떤 변명도\n지금 내겐 용기가 필요해\n빛나지 않아도 내 꿈을 응원해\n그 마지막을 가질 테니\n부러진 것처럼 한 발로 뛰어도\n난 나의 길을 갈 테니까\n지금 나를 위한 약속\n멈추지 않겠다고\n또 하나를 앞지르면\n곧 너의 뒤를 따라잡겠지\n원하는 대로\n다 가질 거야\n그게 바로 내 꿈일 테니까\n변한 건 없어\n버티고 버텨\n내 꿈은 더 단단해질 테니\n다시 시작해\nAh-ah-ah-ah-ah-\nAh-ah-ah-ah-ah-ah-\nAh-ah-ah-ah-ah-\nAh-ah-ah-ah-\n다시는 나를 잃고 싶지 않아\n내 전부를 걸었으니까\n원하는 대로\n다 가질 거야\n그게 바로 내 꿈일 테니까\n변한 건 없어\n버티고 버텨\n내 꿈은 더 단단해질 테니\n다시 시작해\nAh-ah-ah-ah-ah-\nAh-ah-ah-ah-ah-ah-\nAh-ah-ah-ah-ah-\nAh-ah-ah-ah-',1,20,'엉클샘','박성일','서동성'),(22,'Psycho','',NULL,0,'Psycho\n\n널 어쩌면 좋을까\n이런 맘은 또 첨이라\nUp & Down이 좀 심해\n조절이 자꾸 잘 안돼\n하나 확실한 건\nI don’t play the game\n\n우리 진짜 별나대\n그냥 내가 너무 좋아해\n넌 그걸 너무 잘 알고\n날 쥐락펴락해\n나도 마찬가지인걸\n\n우린 참 별나고 이상한 사이야\n서로를 부서지게\n(부서지게)\n그리곤 또 껴안아\n(그리곤 또 껴안아)\n\nYou got me feeling like a\npsycho psycho\n우릴 보고 말해 자꾸 자꾸\n다시 안 볼 듯 싸우다가도\n붙어 다니니 말야\n이해가 안 간대\n웃기지도 않대 \n\n맞아 Psycho psycho\n서로 좋아 죽는 바보 바보\n너 없인 어지럽고 슬퍼져\n기운도 막 없어요\n둘이 잘 만났대\nHey now we’ll be ok\n\nHey trouble\n경고 따윈 없이 오는 너\nI’m original visual\n우린 원래 이랬어 Yeah\n두렵지는 않아\n(흥미로울 뿐)\nIt’s hot! Let me just hop\n어떻게 널 다룰까? Ooh\n\n어쩔 줄을 몰라 너를 달래고\n매섭게 발로 차도\n가끔 내게 미소 짓는 널\n어떻게 놓겠어 Ooh\n\n우린 아름답고 참 슬픈 사이야\n서로를 빛나게 해\n(Tell me now) \n마치 달과 강처럼\n그리곤 또 껴안아\n\nYou got me feeling like a\npsycho psycho\n우릴 보고 말해 자꾸 자꾸\n다시 안 볼 듯 싸우다가도\n붙어 다니니 말야\n이해가 안 간대\n웃기지도 않대 \n\n맞아 Psycho psycho\n서로 좋아 죽는 바보 바보\n너 없인 어지럽고 슬퍼져\n기운도 막 없어요\n둘이 잘 만났대\nHey now we’ll be ok\n\nDon’t look back\n그렇게 우리답게 가보자\n난 온몸으로 널 느끼고 있어\nEverything will be ok\n\n(You got me feeling like a psycho)\nLike a psycho psycho\n우릴 보고 말해 자꾸 자꾸\n다시 안 볼 듯 싸우다가도\n붙어 다니니 말야\n둘이 잘 만났대 \nHey now we’ll be ok\n\nHey now we’ll be ok\nHey now we’ll be ok\nHey now we’ll be ok\nHey now we’ll be ok\n\nIt’s alright\nIt’s alright\n \nHey now we’ll be ok\nHey now we’ll be ok\nHey now we’ll be ok\nHey now we’ll be ok\n\nIt’s alright\nIt’s alright\n\n우린 좀 이상해\nPsycho',1,21,'Dru-Ski, 유영진','Andrew Scott, Cazzi Opeia, EJAE','Kenzie'),(23,'Memories','',NULL,0,'Here\'s to the ones that we got\nCheers to the wish you were here, but you\'re not\n\'Cause the drinks bring back all the memories\nOf everything we\'ve been through\nToast to the ones here today\nToast to the ones that we lost on the way\n\'Cause the drinks bring back all the memories\nAnd the memories bring back, memories bring back you\n\n\nDoo-doo, doo-doo-doo-doo\nDoo-doo-doo-doo, doo-doo-doo-doo\nDoo-doo-doo-doo, doo-doo-doo\nMemories bring back, memories bring back you\n\n\nThere\'s a time that I remember when I never felt so lost\nWhen I felt all of the hatred was too powerful to stop (Ooh, yeah)\nNow my heart feel like an ember and it\'s lighting up the dark\nI\'ll carry these torches for ya that you know I\'ll never drop, yeah\n\n\nEverybody hurts sometimes\nEverybody hurts someday, ayy-ayy\nBut everything gon\' be alright\nGo and raise a glass and say, ayy\n\n\nHere\'s to the ones that we got (Oh-oh)\nCheers to the wish you were here, but you\'re not\n\'Cause the drinks bring back all the memories\nOf everything we\'ve been through (No, no)\nToast to the ones here today (Ayy)\nToast to the ones that we lost on the way\n\'Cause the drinks bring back all the memories (Ayy)\nAnd the memories bring back, memories bring back you\n\n\nDoo-doo, doo-doo-doo-doo\nDoo-doo-doo-doo, doo-doo-doo-doo\nDoo-doo-doo-doo, doo-doo-doo\nMemories bring back, memories bring back you\nDoo-doo, doo-doo-doo-doo\nDoo-doo-doo-doo, doo-doo-doo-doo\nDoo-doo-doo-doo, doo-doo-doo (Ooh, yeah)\nMemories bring back, memories bring back you\n\n\nYeah, yeah, yeah\nYeah, yeah, yeah, yeah, yeah, no, no\nMemories bring back, memories bring back you',1,22,'','','Adam Levine, Michael Pollack, Jonathan Bellion, Jordan Johnson, Stefan Johnson, Vincent Ford, Jacob Kasher Hindlin'),(24,'어떻게 이별까지 사랑하겠어, 널 사랑하는 거지','',NULL,0,'일부러 몇 발자국 물러나\n내가 없이 혼자 걷는 널 바라본다\n옆자리 허전한 너의 풍경\n흑백 거리 가운데 넌 뒤돌아본다\n \n그때 알게 되었어\n난 널 떠날 수 없단 걸\n우리 사이에 그 어떤 힘든 일도\n이별보단 버틸 수 있는 것들이었죠\n \n어떻게 이별까지 사랑하겠어\n널 사랑하는 거지\n사랑이라는 이유로 서로를 포기하고\n찢어질 것같이 아파할 수 없어 난\n \n두세 번 더 길을 돌아갈까\n적막 짙은 도로 위에 걸음을 포갠다\n아무 말 없는 대화 나누며\n주마등이 길을 비춘 먼 곳을 본다\n \n그때 알게 되었어\n난 더 갈 수 없단 걸\n한 발 한 발 이별에 가까워질수록\n너와 맞잡은 손이 사라지는 것 같죠\n \n어떻게 이별까지 사랑하겠어\n널 사랑하는 거지\n사랑이라는 이유로 서로를 포기하고\n찢어질 것같이 아파할 수 없어 난\n \n어떻게 내가 어떻게 너를\n이후에 우리 바다처럼 깊은 사랑이\n다 마를 때까지 기다리는 게 이별일 텐데\n \n어떻게 내가 어떻게 너를\n이후에 우리 바다처럼 깊은 사랑이\n다 마를 때까지 기다리는 게 이별일 텐데',1,23,'이현영','이찬혁','이찬혁'),(25,'METEOR','',NULL,0,'Yeah, ha\nYeah, ha\nYeah, ha\nYeah, ha\nYeah, ha\nYeah, ha\n\n\n모두 그에게 말해 또 왔네 (새꺄 whut?)\n죽지 않고 왔다 이렇게 (새꺄 뭐?)\nSnacky chan의 라인을 빌릴래\n했어 예수처럼 이렇게 부활을\n031 팔 안쪽의 tatt freaky woah\n어젠 시장님이 만나쟤 motown\n어수룩해 엄마 속에 걱정\n한 톤만큼 쌓고 스물한살에 독립했던 얘는\n여섯이 되었고\n발견했지 우연히 5년 전의 노트\n“정말 스타 되고 싶어\n그럴려면 가서 만나면 돼 악마?”\n노트를 덮고\n거울에 비춰진 남자를 보니 와\n저 손목이 너무 부러워\n저 금 daydate rollie 넘을걸 천백은 더\n\n\n전국\n사람들이 외치네\n저 괴물체는 뭘까?\nMeteor\n거대 Meteor\n난 네게 처박힐 Meteor야\n\n별빛이 내려오지 마구\n내려오지\n경고 \n경고\n그래도 처박힐 Meteor야\n\n\nmotown의 1번 노랠 기억해 니들?\n뭐였지? 뭐였나? 음 음?\ni’m the man in the mirror 그러니 light me up\n1절의 그 별이 2절의 그 별이\n그래 모두 나였지 실화가 된 동화이지\n힘들 때면 홀로 쓴 노래를 불러\n환상들을 보던 성냥팔이 소년이였던 나날들이\n365, 24, 730, 24에 7\n1095 아 그만 세자 1400이 되니 oh\n그 애랑도 하고 돔페리뇽이 만든 \n숙취 땜에 넋을 놓은 나를 향해 \n몇천 명이 ‘와’ 해\n본 적은 없지만 때론\n어떤 존재가 내 인생을 왔다 간 듯해\n그냥 그런 느낌이 들지\n상관없어 환상이던 현실이던지 hands up high\n\n\n전국\n사람들이 외치네\n저 괴물체는 뭘까?\nMeteor\n거대 Meteor\n난 네게 처박힐 Meteor야\n\n별빛이 내려오지 마구\n내려오지\n경고 \n경고\n그래도 처박힐 Meteor야\n\n\n영 영 영원히\n약속해 영원하기로\n어둠 가득한 저 뒤로\n돌려보내지 말아요 제발 제발\n영 영 영원히\n난 영원할 거라 믿어\n흥분으로 가득차\n이 도시에 나 외칠 꺼야\n“드디어 내가 여 왔다” ',1,24,'창모(CHANGMO)','창모(CHANGMO)','창모(CHANGMO)'),(26,'시청 앞 지하철 역에서','',NULL,0,' \n시청 앞 지하철 역에서 너를 다시 만났었지\n신문을 사려 돌아섰을 때 너의 모습을 보았지\n발 디딜 틈 없는 그곳에서 너의 이름을 부를 땐\n넌 놀란 모습으로 음음음\n\n너에게 다가가려 할 때에 난 누군가의 발을 밟았기에 \n커다란 웃음으로 미안하다 말해야 했었지\n\n살아가는 얘기 변한 이야기 지루했던 날씨 이야기 \n밀려오는 추억으로 우린 쉽게 지쳐갔지 \n\n그렇듯 더디던 시간이 우리를 스쳐 지난 지금 \n너는 두 아이의 엄마라며 엷은 미소를 지었지 \n\n나의 생활을 물었을 때 나는 허탈한 어깨짓으로 \n어딘가에 있을 무언가를 아직 찾고 있다 했지 \n\n언젠가 우리 다시 만나는 날에 \n빛나는 열매를 보여준다 했지 \n우리의 영혼에 깊이 새겨진 \n그날의 노래는 우리 귀에 아직 아련한데 \n\n가끔씩 너를 생각한다고 들려주고 싶었지만 \n짧은 인사만을 남겨둔 채 너는 내려야 했었지 \n\n바삐 움직이는 사람들 속에 \n너의 모습이 사라질 때 오래 전 \n그날처럼 내 마음에는 \n\n언젠가 우리 다시 만나는 날에 \n빛나는 열매를 보여준다 했지 \n우리의 영혼에 깊이 새겨진 \n그날의 노래는 우리 귀에 아직 아련한데 \n\n라라라라라라라라',1,25,'이상훈','김창기','김창기'),(27,'처음처럼','',NULL,0,'눈이 부시게 웃던 널 기억해\n이제는 다시 볼 수 없게 됐지만\n끝내 붙잡았던 기억들만\n이 겨울을 지나간다\n\n나지막이 들리지 않게 전하는\n기다릴게 이 한마디 대신\n피고 진다 뜨겁게 시린 우리 사랑\n보내지 못한 계절처럼\n\n피어나 단 한 번도 겨울이 없었던 것처럼\n피어나 언제라도 사랑스러운 그대로\n추억은 지나버린 계절에 그대로 놓아두고서\n그래 처음처럼\n\n가슴속에 켜켜이 쌓은 그리움\n이 눈물로 흘려내면 그뿐\n이 눈물이 그댈 피워낼 수 있다면\n그걸로 나는 괜찮은걸\n\n피어나 단 한 번도 겨울이 없었던 것처럼\n피어나 언제라도 사랑스러운 그대로\n스치듯 그대 곁에 맴도는 이 작은 한마디조차\n여기 남겨두고\n\n아픈 기억은 여기 남기고\n\n피어나 우리 처음 만났던 그때 그대처럼\n피어나 사랑했던 그대 모습 그대로\n추억은 지나버린 계절에 그대로 놓아두고서\n마치 처음처럼',1,26,'김창락(CR Kim), 김수빈, 권수현','김창락(CR Kim), 김수빈, 조세희(AIMING)','이수(엠씨더맥스)'),(28,'밤이 깊었네 (Drama Ver.)','',NULL,0,'밤이 깊었네 방황하며 춤을 추는 불빛들\n이 밤에 취해 (술에 취해) 흔들리고 있네요\n\n벌써 새벽인데 아직도 혼자네요\n이 기분이 나쁘지는 않네요\n\n항상 당신 곁에 머물고 싶지만\n이 밤에 취해 (술에 취해) 떠나고만 싶네요\n\n이 슬픔을 알랑가 모르겄어요\n나의 구두여 너만은 떠나지 마오\n\n하나 둘 피어오는 어린 시절 동화 같은 별을 보면서\n오늘 밤 술에 취한 마차 타고 지친 달을 따러 가야지\n\n딱 한 번만이라도 (가지 마라 가지 마라)\n날 위해 웃어준다면 (나를 두고 떠나 가지 마라)\n거짓말이었대도 (가지 마라 가지 마라)\n저 별을 따다 줄 텐데 (나를 두고 떠나 가지 마라)\n아침이 밝아오면 (가지 마라 가지 마라)\n저 별이 사라질 텐데 (나를 두고 떠나 가지 마라)\n나는 나는 어쩌나 (가지 마라)\n차라리 떠나가주오 워-어-오-\n\n하나 둘 피어오는 어린 시절 동화 같은 별을 보면서\n오늘 밤 술에 취한 마차 타고 지친 달을 따러 가야지\n가지 마라 가지 마라 나를 두고 떠나지 마라 \n오늘 밤 새빨간 꽃잎처럼 그대 발에 머물고 싶어',1,27,'스눅, 배준일, 화안, 차이환','한경록','한경록'),(29,'2002','',NULL,0,'[Verse 1]\nI will always remember\nThe day you kissed my lips\nLight as a feather\nAnd it went just like this\nNo, it\'s never been better\nThan the summer of 2002\nWe were only eleven\nBut acting like grownups\nLike we are in the present\nDrinking from plastic cups\nSinging love is forever and ever\nWell, I guess that was true\n\n[Pre-Chorus]\nDancing on the hood in the middle of the woods \nOn an old Mustang, where we sang \nSongs with all our childhoods friends\nAnd it went like this, say\n\n[Chorus]\nOops I got 99 problems singing bye, bye, bye\nHold up, if you wanna go and take a ride with me\nBetter hit me, baby, one more time\nPaint a picture for you and me\nOf the days when we were young\nSinging at the top of both our lungs\n\n\n[Verse 2]\nNow we\'re under the covers\nFast forward to eighteen\nWe are more than lovers\nYeah, we are all we need\nWhen we\'re holding each other\nI\'m taken back to 2002\n\n[Pre-Chorus]\nDancing on the hood in the middle of the woods \nOn an old Mustang, where we sang \nSongs with all our childhoods friends\nAnd it went like this, say\n\n[Chorus]\nOops I got 99 problems singing bye, bye, bye\nHold up, if you wanna go and take a ride with me\nBetter hit me, baby, one more time\nPaint a picture for you and me\nOf the days when we were young\nSinging at the top of both our lungs\nOn the day we fell in love\nOn the day we fell in love\n\n[Pre-Chorus]\nDancing on the hood in the middle of the woods \nOn an old Mustang, where we sang \nSongs with all our childhoods friends\nOh, now\n\n\n[Chorus]\nOops I got 99 problems singing bye, bye, bye\nHold up, if you wanna go and take a ride with me\nBetter hit me, baby, one more time\nPaint a picture for you and me\nOf the days when we were young\nSinging at the top of both our lungs\nOn the day we fell in love\nOn the day we fell in love\nOn the day we fell in love\nOn the day we fell in love, love, love',1,28,'','',''),(30,'Happy','',NULL,0,'Happy La La La \nHappy La La La \nHappy La La La \nHappy Happy Happy\n \n계절이 번져와 두드린 꿈일까\n그대는 내 귓가에 달콤하게\nTell me baby baby\n손꼽아 왔던 밤 널 상상할 때마다 \n아무도 모르게 미소를 짓곤 해\nThinking about you lately\n \n수없이 기다린 우리의 이 밤이\n일 년을 돌고 돌아 내게 와준 기적 같아\n \n오늘 밤 난 Happy 포근한 이 꿈\n얼어있던 계절은 너와 내 온기에 녹아들고\n그대 품에 안겨 꿈꾸는 멋진 밤\n오랜 시간 속 둘만의 소원을 속삭여 봐 \n함께 있어 난 Happy 영원할 이 꿈\n\nHappy La La La \nHappy La La La \nHappy La La La \nHappy Happy Happy\n\n끝없는 얘기들 멈추고픈 순간들 \n아쉬워질 듯한 숨결마다\nKiss me baby baby\n너만의 온도로 빈틈없이 날 감싸 줘\n이 밤 가득한 떨림이 잠들 때까지 Oh I’m crazy\n\n밤새워 속삭인 눈부신 설렘이\n그 어떤 장면보다 잊지 못할 선물 같아\n\n오늘 밤 난 Happy 포근한 이 꿈\n얼어있던 계절은 너와 내 온기에 녹아들고\n그대 품에 안겨 꿈꾸는 멋진 밤\n오랜 시간 속 둘만의 소원을 속삭여 봐 \n함께 있어 난 Happy 영원할 이 꿈\n \n계절이 지나 모든 게 흘러도\n변치 않을 이 순간 Promise you\n이대로 오늘의 행복한 기억은 녹지 않게\n \n널 보면 난 Happy 깨기 싫은 꿈\n따스한 이 사랑은 추억의 한 편에 쌓여가고\n그대 품에 안겨 잠이 들 깊은 밤 \n오랜 시간 속 둘만의 소원을 속삭여 봐 \n함께 있어 난 Happy 영원할 이 꿈 \n \nHappy La La La \nHappy La La La \nHappy La La La \nHappy Happy Happy',1,29,'Chris Wahle','Chris Wahle, Chelcee Grimes, Samuel Gerongco, Robert Gerongco','이스란'),(31,'Rain On Me','',NULL,0,'I didn\'t ask for a free ride\nI only asked you to show me a real good time\nI never asked for the rainfall\nAt least I showed up, you showed me nothing at all\n\nIt\'s coming down on me\nWater like misery\nIt\'s coming down on me\nI\'m ready, rain on me\n\nI\'d rather be dry, but at least I\'m alive\nRain on me, rain, rain\nRain on me, rain, rain\nI\'d rather be dry, but at least I\'m alive\nRain on me, rain, rain\nRain on me\n\nRain on me\nMmm, oh yeah, baby\nRain on me\n\nLivin\' in a world where no one\'s innocent\nOh, but at least we try, mmm\nGotta live my truth, not keep it bottled in\nSo I don\'t lose my mind, baby, yeah\n\nI can feel it on my skin (It\'s comin\' down on me)\nTeardrops on my face (Water like misery)\nLet it wash away my sins (It\'s coming down on me)\nLet it wash away, yeah\n\nI\'d rather be dry, but at least I\'m alive\nRain on me, rain, rain\nRain on me, rain, rain\nI\'d rather be dry, but at least I\'m alive\nRain on me, rain, rain\nRain (Rain) on (On) me\n\nRain on me\nRain on me\nOh yeah, yeah\nRain on me, ooh yeah\nRain on me\nRain on me, ooh\n\nHands up to the sky\nI\'ll be your galaxy\nI\'m about to fly\nRain on me, tsunami\nHands up to the sky\nI\'ll be your galaxy\nI\'m about to fly\nRain on me (Rain on me)\n\nI\'d rather be dry, but at least I\'m alive (Rain on me)\nRain on me, rain, rain\nRain on me, rain, rain (Rain on me)\nI\'d rather be dry, but at least I\'m alive (At least I\'m alive)\nRain on me, rain, rain (Rain on me, babe)\nRain on me (Rain on me)\n\nI hear the thunder comin\' down\nWon\'t you rain on me?\nEh, eh, yeah (Rain on, woo)\nI hear the thunder comin\' down\nWon\'t you rain on me? (Me)\nEh, eh, yeah\nRain on me',1,30,'','','BloodPop®, Lady Gaga, Matthew Burns, Nija Charles, Rami Yacoub, Martin Joseph Leonard Bresso, Ariana Grande'),(32,'넌 언제나','',NULL,0,'하루하루 늘어갈 뿐이야 \n널 향한 그리움은 \n아픔은 늘 새롭지만 \n넌 너의 길을 가네 \n원한다면 기다릴 수 있어 \n난 그대로인 거야 \n떠난 건 너 혼자였으니 \n그대로 돌아오면 돼 \n\n내 잘못을 탓하는 것이라면 \n돌아온 후에도 늦지 않아 \n아직 시간이 있는데 \n\n네가 떠난 그 모습 그대로 \n머물러 있을 거야 \n더 이상 거짓으로 나를 \n위로하고 싶진 않아 \n처음으로 사랑을 알았어 \n다시 널 찾을 거야 \n이제야 너를 위해 내가 \n살아있다는 걸 느꼈어 \n\n넌 언제나\n\n원한다면 기다릴 수 있어 \n난 그대로인 거야 \n떠난 건 너 혼자였으니 \n그대로 돌아오면 돼 \n\n내 잘못을 탓하는 것이라면 \n돌아온 후에도 늦지 않아 \n아직 시간이 있는데\n\n네가 떠난 그 모습 그대로 \n머물러 있을 거야 \n더 이상 거짓으로 나를 \n위로하고 싶진 않아 \n처음으로 사랑을 알았어 \n다시 널 찾을 거야 \n이제야 너를 위해 내가 \n살아있다는 걸 느꼈어 \n\n네가 떠난 그 모습 그대로 \n머물러 있을 거야 \n더 이상 거짓으로 나를 \n위로하고 싶진 않아 \n처음으로 사랑을 알았어 \n다시 널 찾을 거야 \n이제야 너를 위해 내가 \n살아있다는 걸 느꼈어 \n\n넌 언제나',1,31,'더오(The O)','박정원','장경아'),(33,'늦은 밤 너의 집 앞 골목길에서','',NULL,0,'오래되었어 그때 너의 웃음\n너의 목소리 잊혀진거 같아\n시간의 위로 그 말의 의미를 이젠 알아\n아픈 니 얘기도 적당히 할 수 있어\n\n\n그런데 이게 뭐랄까 난\n난 술 한잔하면서\n괜찮은 듯 얘기하며 널 털어냈는데\n집으로 돌아오면서 한 번 더 떠오른 기억에\n걸음을 멈춰 서서 이렇게 울고 있어\n\n\n자연스럽게 발걸음을 돌려\n나 바래다주던 익숙한 길을 가\n밤이 깊어져서 아무것도 보이지 않아도\n손을 흔들면서 인사하던 널 봤어\n\n\n그런데 이게 뭐랄까 난\n난 술 한잔하면서\n괜찮은 듯 얘기하며 널 털어냈는데\n집으로 돌아오면서 한 번 더 떠오른 기억에\n걸음을 멈춰 서서 이렇게 울고 있어\n\n\n아무도 없어서 참 다행이야\n나 이렇게 편안히 너를 부를 수 있는 걸\n외로운 위로겠지만\n\n\n그래서 이젠 뭘 할까 난 난 널 생각했어도\n괜찮은 듯 얘기하며 다 지워냈는데\n집으로 돌아오면서 한 번 더 떠오른 추억에\n걸음을 멈춰 서서 또다시 울고 있어',1,32,'최상언, 김홍준, 빅가이로빈(bigguyrobin)','빅가이로빈(bigguyrobin)','미후왕'),(34,'FIESTA','',NULL,0,'때가 왔어 오랜 기다림을 끝내\n움츠렸던 맘을 일으켜 활짝 기지개를 켜 난 Ah\n눈빛은 어느샌가 짙어져 있는 걸\n나의 시간이 됐어\n\n아침에게 말해 Oh 오늘이 좋을 것 같아\n이젠 아득했던 꿈들이 멀지가 않아\n오직 나를 위한 Woo 축제를 열어볼 거야\n좋을 때란 거 그것 역시 내가 정해 \n\n색색의 꽃을 피우고 꽃가루가 흩날리면\n축제는 절정인 걸 끝나지 않을 이건 Climax\n나의 모든 순간이 아름답고 눈부셔\n이거 하나만 기억해 \n지금이라고\n\nFiesta 내 맘에 태양을 꾹 삼킨 채\n영원토록 뜨겁게 지지 않을게 이 모든 계절\n나의 모든 계절 매일 화려한 이 축제 \n한 번쯤은 꼭 놀러 와\nIt\'s my fiesta\n온통 축제니까\nIt\'s my fiesta\n\n이제부터가 난 시작이야 더 기대해봐도 좋아\n더 뛰어올라 더 소리쳐봐 이건 신기루가 아냐\n오래전부터 계속 상상해 왔던 걸\n특별해지는 너와 나\n\n별들에게 말해 Oh 내일이 더 좋을 것 같아 \n이젠 펼쳐지는 일들이 겁나지 않아\n오직 나를 위한 Woo 축제를 이어갈 거야\n날 감싸 안은 낯선 향기 더 새롭게\n\n색색의 꽃을 피우고 꽃가루가 흩날리면\n축제는 절정인 걸 끝나지 않을 이건 Climax\n나의 모든 순간이 아름답고 눈부셔\n이거 하나만 기억해\n지금이라고\n\nFiesta 내 맘에 태양을 꾹 삼킨 채\n영원토록 뜨겁게 지지 않을게 이 모든 계절\n나의 모든 계절 매일 화려한 이 축제 \n한 번쯤은 꼭 놀러 와\nFiesta\n\n눈을 감아 멈춰있던 나를 깨워\n내 안의 나를 천천히 안아주면\n여러 색깔들로 더 내가 빛날 때면\n매일 그려왔던 진짜 내 모습 가까이\n지금이라고\n\nFiesta 내 맘에 태양을 꾹 삼킨 채\n영원토록 뜨겁게 지지 않을게 이 모든 계절\n나의 모든 계절 매일 화려한 이 축제 \n한 번쯤은 꼭 놀러 와\nIt\'s my fiesta\n날 비춰줘 지금 날\n온통 축제니까\n지금 이 순간 나를 춤추게 해\nIt\'s my fiesta',1,33,'최현준, 김승수','최현준, 김승수','서지음, 고현정(Jamfactory), 최현준, 김승수'),(35,'LALALILALA','',NULL,0,'눈을 감고 네 얼굴을 떠올리면\n별들이 반짝여 난 그 사이를 이어\n눈부셔 고갤 떨어뜨리면\n까만 밤을 건너 너에게로 날아가\n\n오직 너만 볼 수 있게\n그 열쇠를 너에게만 줄게\n조금만 더 가까이 내가 닿을 수 있게\n네 맘을 열어줘\n\n별들의 숫자만큼만 나를 떠올려줄래\n더 많이 사랑해줄게\n캄캄한 밤을 다 채울 만큼\n너의 빛이 되어 줄게\n오늘부터 넌 내 꿈만 꿔\n\nLALALALILALA\nLALALALILALA\n주문을 외울 테니\noh 넌 내 꿈만 꿔\n\nLALALALILALA\nLALALALILALA\n헤어날 수 없을 걸\noh 넌 내 꿈만 꿔\nLALALALILALA\n\n눈을 감고 내 얼굴을 떠올려봐\n아득한 꿈속을 내가 비춰줄 거야\n사실 너도 모르게 오랫동안\nYou\'re my star\nand my dream\n\n숨 가빠지게 하잖아\n내 반경에 네가 들어올 때\n달아나버릴 듯한 호흡을 가다듬고\n너에게 가고 있어\n\n별들의 숫자만큼만 나를 떠올려줄래\n더 많이 사랑해줄게\n캄캄한 밤을 다 채울 만큼\n너의 빛이 되어 줄게\n오늘부터 넌 내 꿈만 꿔\n\nLALALALILALA\nLALALALILALA\n주문을 외울 테니\noh 넌 내 꿈만 꿔\n\nLALALALILALA\nLALALALILALA\n헤어날 수 없을 걸\noh 넌 내 꿈만 꿔\nLALALALILALA\n\n이미 눈치챈 것처럼\n너의 품을 동경해 난\n그래 너의 꿈이 되는 법\n굳이 말하면 풀기 어려운 문제\n\nFly to the sky of night\nI\'ll be inside 너의 밤\n자연스럽게 그 안에 스며들래요\n\n별들의 숫자만큼만 나를 떠올려줄래\n더 많이 사랑해줄게\n캄캄한 밤을 다 채울 만큼\n너의 빛이 되어 줄게\n오늘부터 넌 내 꿈만 꿔\n\nLALALALILALA\nLALALALILALA\n주문을 외울 테니\noh 넌 내 꿈만 꿔\n\nLALALALILALA\nLALALALILALA\n헤어날 수 없을 걸\noh 넌 내 꿈만 꿔\nLALALALILALA',1,34,'moonc, 강명신','moonc, 강명신','moonc, 강명신'),(36,'Love poem','',NULL,0,'누구를 위해 누군가 \n기도하고 있나 봐\n\n숨죽여 쓴 사랑시가\n낮게 들리는 듯해\n\n너에게로 선명히 날아가\n늦지 않게 자리에 닿기를\n\nI’ll be there 홀로 걷는 너의 뒤에\nSinging till the end 그치지 않을 이 노래\n아주 잠시만 귀 기울여 봐\n유난히 긴 밤을 걷는 널 위해 부를게\n\n또 한 번 너의 세상에\n별이 지고 있나 봐 \n\n숨죽여 삼킨 눈물이\n여기 흐르는 듯해\n\n할 말을 잃어 고요한 마음에\n기억처럼 들려오는 목소리\n\nI’ll be there 홀로 걷는 너의 뒤에\nSinging till the end 그치지 않을 이 노래\n아주 커다란 숨을 쉬어 봐\n소리 내 우는 법을 잊은 널 위해 부를게\n\n(다시 걸어갈 수 있도록) \n부를게\n(다시 사랑할 수 있도록)\n\nHere i am 지켜봐 나를, 난 절대\nSinging till the end 멈추지 않아 이 노래 \n너의 긴 밤이 끝나는 그날 \n고개를 들어 바라본 그곳에 있을게 ',1,15,'홍소진, 적재','이종훈','아이유(IU)'),(37,'Dance Monkey','',NULL,0,'They say, \"Oh my god\",\nI see the way you shine\nTake your hand, my dear,\nand place them both in mine\nYou know you stopped me\ndead when I was passing by\nAnd now I beg to see you\ndance just one more time\nOoh, I see you, see you,\nsee you every time\nAnd I, I, I, I like your style\nYou, you make me, make me,\nmake me wanna cry\nAnd now I beg to see you\ndance just one more time\nSo I say\nDance for me, dance for me,\ndance for me, oh oh oh\nI\'ve never seen anybody\ndo the things you do before\nThey say\nMove for me, move for me,\nmove for me, ay ay ay\nAnd when you’re done\nI\'ll make you do it all again\nI said, \"Oh my god\",\nI see you walking by\nTake my hands, my dear,\nand look me in my eyes\nJust like a monkey,\nI\'ve been dancing my whole life\nAnd you just beg to see me\ndance just one more time\nOoh, I see you, see you,\nsee you every time\nAnd I, I, I, I like your style\nYou, you make me, make me,\nmake me wanna cry\nAnd now I beg to see\nyou dance just one more time\nSo I say\nDance for me, dance for me,\ndance for me, oh oh oh\nI’ve never seen anybody\ndo the things you do before\nThey say\nMove for me, move for me,\nmove for me, ay ay ay\nAnd when you\'re done\nI\'ll make you do it all again\nThey say\nDance for me, dance for me,\ndance for me, oh oh oh, oh-oh, oh-oh\nI\'ve never seen anybody\ndo the things you do before\nThey say\nMove for me, move for me,\nmove for me, ay ay ay\nAnd when you\'re done\nI\'ll make you do it all again\nOoh, ooh, ooh, ooh, ooh\nOh-oh, oh-oh, oh\nOoh, ooh, ooh, ooh, ooh-ooh\nOoh, ah-ah, ah-ah\nThey say\nDance for me, dance for me,\ndance for me, oh oh oh\nI\'ve never seen anybody\ndo the things you do before\nThey say\nMove for me, move for me,\nmove for me, ay ay ay\nAnd when you\'re done\nI’ll make you do it all again\nThey say\nDance for me, dance for me,\ndance for me, oh oh oh, oh-oh, oh-oh\nI’ve never seen anybody\ndo the things you do before\nThey say\nMove for me, move for me,\nmove for me, ay ay ay\nAnd when you\'re done\nI’ll make you do it all again\nAll again',1,35,'','',''),(38,'Paris In The Rain','',NULL,0,'All I know is (ooh-ooh-ooh)\nWe could go anywhere, we could do\nAnything, girl, whatever the mood we\'re in\nAll I know is (ooh-ooh-ooh)\nGetting lost late at night, under stars\nFinding love standing right where we are, your lips\nThey pull me in the moment, you and I alone and\nPeople may be watching, I don\'t mind\n\'Cause\n\n\nAnywhere with you feels right\nAnywhere with you feels like\nParis in the rain\nParis in the rain\nWe don\'t need a fancy town\nOr bottles that we can\'t pronounce\n\'Cause anywhere, babe\nIs like Paris in the rain\nWhen I\'m with you\nWhen I\'m with you\nParis in the rain\nParis in the rain\n\nI look at you now and I want this forever\nI might not deserve it but there\'s nothing better\nDon\'t know how I ever did it all without you\nMy heart is about to, about to jump out of my chest\nFeelings they come and they go, that they do\nFeelings they come and they go, not with you\nThe late nights and the street lights and the people\nLook at me, girl, and the whole world could stop\n\n\nAnywhere with you feels right\nAnywhere with you feels like\nParis in the rain\nParis in the rain\nWe don\'t need a fancy town\nOr bottles that we can\'t pronounce\n\'Cause anywhere, babe\nIs like Paris in the rain\nWhen I\'m with you\nWhen I\'m with you\nParis in the rain\nParis in the rain (oh)\n\n\nGirl, when I\'m not with you\nAll I do is miss you\nSo come and set the mood right\nUnderneath the moonlight\n(Days in Paris, nights in Paris)\nPaint you with my eyes closed\nWonder where the time goes\n(Yeah, isn\'t it obvious, isn\'t it obvious?)\nCome and set the mood right\nUnderneath the moonlight\n\n\n\'Cause anywhere with you feel right\nAnywhere with you feels like\nParis in the rain\nParis in the rain\nWalking down an empty street\nPuddles underneath our feet',1,36,'','',''),(39,'돌덩이','',NULL,0,'Hit me harder Make me strong\n그저 정해진 대로 따르라고\n그게 현명하게 사는 거라고\n쥐 죽은 듯이 살라는 말\n같잖은 말 누굴 위한 삶인가\n뜨겁게 지져봐\n절대 꼼짝 않고 나는 버텨낼 테니까\n거세게 때려봐\n네 손만 다칠 테니까\n나를 봐\n끄떡없어\n쓰러지고 떨어져도\n다시 일어나 오를 뿐야\n난 말야\n똑똑히 봐\n깎일수록 깨질수록\n더욱 세지고 강해지는 돌덩이\n감당할 수 없게 벅찬 이 세상\n유독 내게만 더 모진 이 세상\n모두가 나를 돌아섰고\n비웃었고 아픔이 곧 나였지\n시들고 저무는\n그런 세상 이치에 날 가두려 하지 마\n틀려도 괜찮아\n이 삶은 내가 사니까\n나를 봐\n끄떡없어\n쓰러지고 떨어져도\n다시 일어나 오를 뿐야\n난 말야\n똑똑히 봐\n깎일수록 깨질수록\n더욱 세지고 강해지는 돌덩이\n누가 뭐라 해도 나의 길\n오직 하나뿐인 나의 길\n내 전부를 내걸고서 Hey\n걸어가\n계속해서\n부딪히고 넘어져도\n다시 일어나 걷는 거야\n언젠가\n이 길 끝에 서서\n나도 한 번 크게 한 번\n목이 터져라 울 수 있을 때까지',1,37,'FRAKTAL','박성일','광진, 이치훈'),(40,'자나깨나 (Feat. 조이 of Red Velvet)','',NULL,0,'자나깨나\n생각에 잠겨 맨날\n생각해 자나깨나 \n괜찮아 꽤나\n\n따분해 짱 박힌 돌 yeah \n풀냄새 맡고 싶어 마음 편히\nSummer time, ring dong vibes\n\n자극이 필요해 \nUno dos tres\n답답해 모든 게 \nYou know, the stress\n먹고 자고 사는게\n별 볼일 없네 \n소파 위에 덩그러니 \nYou know, the stress \n\n왜 이래 하루 종일 한 것도 없이 또 피곤해   \n맘껏 쉬는 게 이리 힘들 줄은 mayday\nsomebody help me mayday\nsomebody mayday mayday mayday  \n\n자나깨나 \n생각에 잠겨 맨날 \n생각해 자나깨나 \n괜찮아 꽤나 \n \n자나깨나 (Always want that sunday vibes)\n생각에 잠겨 맨날 \n생각해 자나깨나 (Always want that sunday vibes)\n괜찮아 꽤나  \n\n멍 때린 게 아니라 고민하는 건데 \n왜 동그랗게 머리는 빠지는 건데 \n우리 집 개들 날 보며 말해 \n쟤 미쳐가나 봐 \n\n자극이 필요해 \nUno dos tres\n답답해 모든 게 \nYou know, the stress\n편하고 싶은데\n그게 잘 안돼 \n딱히 문제는 없는데\nYou know the stress \n\n왜 이래 하루 종일 한 것도 없이 또 피곤해   \n맘껏 쉬는 게 이리 힘들 줄은 mayday\nsomebody help me mayday\nsomebody mayday mayday mayday  \n\n자나깨나 \n생각에 잠겨 맨날 \n생각해 자나깨나 \n괜찮아 꽤나  \n\n걱정으로 물든 밤도\n같이 눈을 맞춰 \n내 품에서 잠시 쉬어\n괜찮아 boy \n서두르지 마요 \n어떤 날이라도 \n함께 있어 난  \noh baby got you on my mind\n\n자나깨나 \n생각에 잠겨 맨날 (Always want that sunday vibes)\n생각해 자나깨나 \n괜찮아 꽤나\n\n자나깨나 (Always want that sunday vibes)\n생각에 잠겨 맨날 \n생각해 자나깨나 (Always want that sunday vibes)\n괜찮아 꽤나',1,38,'Crush','Crush','Crush'),(41,'ON','41.mp3',NULL,0,'I can\'t understand what people are sayin\'\n어느 장단에 맞춰야 될지\n한 발자국 떼면 한 발자국 커지는 shadow\n잠에서 눈을 뜬 여긴 또 어디\n어쩜 서울 또 New York or Paris\n일어나니 휘청이는 몸\n\nLook at my feet, look down\n날 닮은 그림자\n흔들리는 건 이놈인가\n아니면 내 작은 발끝인가\n두렵잖을 리 없잖아\n다 괜찮을 리 없잖아\n그래도 I know\n서툴게 I flow\n저 까만 바람과 함께 날아\n\nHey na na na\n미치지 않으려면 미쳐야 해\nHey na na na\n나를 다 던져 이 두 쪽 세상에\nHey na na na\nCan’t hold me down cuz you know I’m a fighter\n제 발로 들어온 아름다운 감옥\nFind me and I\'m gonna live with ya\n\n(Eh-oh)\n가져와 bring the pain oh yeah\n(Eh-oh)\n올라타봐 bring the pain oh yeah\nRain be pourin\'\nSky keep fallin\'\nEveryday oh na na na\n(Eh-oh)\n가져와 bring the pain oh yeah\n\nBring the pain\n모두 내 피와 살이 되겠지\nBring the pain\nNo fear, 방법을 알겠으니\n작은 것에 breathe\n그건 어둠 속 내 산소와 빛\n내가 나이게 하는 것들의 힘\n넘어져도 다시 일어나 scream\n\n넘어져도 다시 일어나 scream\n언제나 우린 그랬으니\n설령 내 무릎이 땅에 닿을지언정\n파묻히지 않는 이상\n그저 그런 해프닝쯤 될 거란 걸\nWin no matter what\nWin no matter what\nWin no matter what\n네가 뭐라던 누가 뭐라던\nI don\'t give a uhh\nI don\'t give a uhh\nI don\'t give a uhh\n\nHey na na na\n미치지 않으려면 미쳐야 해\nHey na na na\n나를 다 던져 이 두 쪽 세상에\nHey na na na\nCan’t hold me down cuz you know I’m a fighter\n제 발로 들어온 아름다운 감옥\nFind me and I\'m gonna live with ya\n\n(Eh-oh)\n가져와 bring the pain oh yeah\n(Eh-oh)\n올라타봐 bring the pain oh yeah\nRain be pourin\'\nSky keep fallin\'\nEveryday oh na na na\n(Eh-oh)\n가져와 bring the pain oh yeah\n\n나의 고통이 있는 곳에\n내가 숨 쉬게 하소서\nMy everythin’\nMy blood and tears\nGot no fears\nI\'m singin’ ohhhhh\nOh I’m takin’ over\nYou should know yeah\nCan’t hold me down cuz you know I’m a fighter\n깜깜한 심연 속 기꺼이 잠겨\nFind me and I’m gonna bleed with ya\n\n(Eh-oh)\n가져와 bring the pain oh yeah\n(Eh-oh)\n올라타봐 bring the pain oh yeah\nRain be pourin\'\nSky keep fallin\'\nEveryday oh na na na\n(Eh-oh)\nFind me and I’m gonna bleed with ya\n\n(Eh-oh)\n가져와 bring the pain oh yeah\n(Eh-oh)\n올라타봐 bring the pain oh yeah\nAll that I know\nis just goin’ on & on & on & on\n(Eh-oh)\n가져와 bring the pain oh yeah',1,39,'','Pdogg, RM, August Rigo, Melanie Joy Fontana, Michel \'Lindgren\' Schulz, 슈가, 제이홉, Antonina Armato, Krysta Youngs','Pdogg, RM, August Rigo, Melanie Joy Fontana, Michel \'Lindgren\' Schulz, 슈가, 제이홉, Antonina Armato, Krysta Youngs'),(42,'품','',NULL,0,'기분 좋은 날은 늘 그렇게 딱 맞아들어\n하고 싶은 것도 먹고 싶은 것도 애매한 게 없지\n널 만나러 가는 길도 온종일 설레서 난\n보고 싶은 것도 느끼고 싶은 것도 애매한 게 없지\n\n음음 난 좋아 너의 모든 게 말이야\n아니 아니 나 좋아 그래 거기서 볼게 yeah\n\n네가 온다 걸어온다\n\n기분 좋은 바람이 후~ 하고 불어오면\n내 마음도 후~ 네가 보고 싶어\n네게로 달려갈래 \n포근하고 좋은 너의 그 품으로 \n\n너와 다툰 뒤엔 늘 이렇게 편지를 적어\n사랑한단 말도 보고 싶단 말도 모두 담아 넣지\n널 만나러 가는 길에 몇 번씩 곱씹어 나\n하고 싶은 말도 널 생각하는 맘도 전부 다 전할게\n\n음음 난 좋아 너의 모든 게 말이야\n아니 아니 나 좋아 그래 너에게 갈게 yeah\n\n기분 좋은 바람이 후~ 하고 불어오면\n내 마음도 후~ 네가 보고 싶어\n네게로 달려갈래 \n포근하고 좋은 너의 그 품으로 \n\n널 꼭 안고 있으면 \n따뜻하고 참 좋은 것 같아\n눈부신 햇살 사이로 \n스르르 나 잠들 것 같아\n\n기분 좋은 바람이\n내 뺨을 스치고\n널 보는 내 맘이\n네 맘을 닮아 빛나죠\n\n널 향한 내 맘이 후~ 하고 불어오면\n네 마음도 후~ 내게 가까워져\n두 팔을 벌려 갈게\n포근하고 좋은 너의 그 품으로',1,10,'바닐라맨(바닐라 어쿠스틱)','안지영, 바닐라맨(바닐라 어쿠스틱)','안지영'),(43,'Candy','43.mp3',NULL,0,'Honey 아직도 고민해?\n그래 넌 조심스럽게\nsugar, spice 가려보는데\n존중해 그 appetite\n오묘한 이 텐션\n나도 싫지 않아\nany time, no limits\n주고 싶어\nsomething something original\n날 선택하길 잠시 기다렸지\n\n특별한 내가 될게\n손이 가 손이 가게\n내게 중독될 텐데\n까다로운 너도\n\nGirl I’m your candy\n기가 막힌 chemistry\n어른스러운 시나몬,\n좀 웃기는 민트 뭘 더 원해\nGot me feeling like\npop rocks, strawberry, bubble gum\n주머니 속 향기 넘치면\nAll I want is you my love, candy\n넌 기분 좋아질 텐데\nTell me what you’re waiting for\n\n혼자 있는 캄캄한 상자 속\n조금씩 난 금이 가버리지\n그런 생각들 퇴색되는 flavor\n넌 알아?\nI say 투명하고 단순하고 싶어\n너에게만 나를 맞춰가고 싶어\nI’ll give you something original\n넌 복잡한 사람인 걸 아니까\n\n뭐가 널 웃게 하니\n그게 나였으면 해\n우울해하지 마 babe,\none wish 네가 열어줘\n\nGirl I’m your candy\n기가 막힌 chemistry\n어른스러운 시나몬,\n좀 웃기는 민트 뭘 더 원해\nGot me feeling like\npop rocks, strawberry, bubble gum\n주머니 속 향기 넘치면\nAll I want is you my love, candy\n넌 기분 좋아질 텐데\nTell me what you’re waiting for\n\n받아줄래 invitation\n네 손은 다가와 있어\n그 체온을 느껴\n살짝 녹을 정도만\nGirl I’m your candy\n조마조마한 시간\nDon’t you let me down\n난 너 아닌 다른 선택이란 없잖아\n\nGirl I can’t wait anymore\n네 옆에 내가 있게\n\nGirl I’m your candy\n기가 막힌 chemistry\n어른스러운 시나몬,\n좀 웃기는 민트 뭘 더 원해\nGot me feeling like\npop rocks, strawberry, bubble gum\n주머니 속 향기 넘치면\nAll I want is you my love, candy\n넌 기분 좋아질 텐데\nTell me what you’re waiting for\n\nTell me what you’re waiting for',1,40,'Mike Daley, Mitchell Owens, DEEZ, 유영진','Mike Daley, Mitchell Owens, DEEZ, Adrian Mckinnon','Kenzie'),(44,'Stay Tonight','',NULL,0,'I feel you 빛과 어둠 그 사이\n넌 나의 곁으로 (all the time)\nWarning warning 왜 이리 서투니\n널 내게 맡겨봐 봐 ah~\n\n시간의 흐름조차 까맣게\n지워버린 밤 지워버린 밤 nana\n감았던 두 눈마저 하얗게\n깊어지는 밤\n\n다가와 내게 이 순간\nStay tonight\nStay tonight\nStay\nBy my side\nStay tonight\nStay tonight\nStay\n\n이 밤 향기에 또 취하고\n멈추지 않아도 돼\nSta-a-a-ay\n더는 움직일 수 없도록\n깊숙이 스며들어\nStay with me\nOooh\n\nTonight\nStay tonight\nTell me what you wanna do\nRun away or stay\nToni-ah-tonight\nToni-ah-tonight\nToni-ah-tonight\nTell me what you wanna do\nRun away or stay tonight\n\n난 피어나는 불꽃처럼 ah~\n널 향해 또 번져가\n\n다가와 내게 이 순간\nStay tonight\nStay tonight\nStay\nBy my side\nStay tonight\nStay tonight\nStay\n\n이 밤 향기에 또 취하고\n멈추지 않아도 돼\nSta-a-a-ay\n더는 움직일 수 없도록\n깊숙이 스며들어\nStay with me\nOooh\n\nTonight\nStay tonight\nTell me what you wanna do\nRun away or stay\nToni-ah-tonight\nToni-ah-tonight\nToni-ah-tonight\nTell me what you wanna do\nRun away or stay tonight\n\nStay by my side\nTell me that you will\nStay here tonight\nTell me that you will\n\nStay with me\nOooh\n\nTonight\nStay tonight\nTell me what you wanna do\nRun away or stay\nToni-ah-tonight\nToni-ah-tonight\nToni-ah-tonight\nTell me what you wanna do\nRun away or stay tonight',1,41,'VINCENZO, Any Masingga','VINCENZO, Any Masingga, Fuxxy, Anna Timgren','VINCENZO, Any Masingga, Fuxxy, Anna Timgren'),(45,'Stuck with U','',NULL,0,'Mmm\nHey, yeah\n(That\'s just for fun)\n(What?)\nAh\nI\'m not one to stick around\nOne strike and you\'re out, baby\nDon\'t care if I sound crazy\nBut you never let me down, no, no\nThat\'s why when the sun\'s up, I\'m stayin\'\nStill layin\' in your bed, sayin\'\nOoh, ooh, ooh, ooh\nGot all this time on my hands\nMight as well cancel our plans, yeah\nI could stay here for a lifetime\nSo, lock the door and throw out the key\nCan\'t fight this no more, it\'s just you and me\nAnd there\'s nothin\' I, nothin\' I, I can do\nI\'m stuck with you, stuck with you, stuck with you\nSo, go ahead and drive me insane\nBaby, run your mouth, I still wouldn\'t change\nBeing stuck with you, stuck with you, stuck with you\nI\'m stuck with you, stuck with you, stuck with you, baby\nThere\'s nowhere we need to be, no, no, no\nI\'ma get to know you better\nKinda hope we\'re here forever\nThere\'s nobody on these streets\nIf you told me that the world\'s endin\'\nAin\'t no other way that I can spend it\nOh, oh, oh, oh (Ooh)\nGot all this time in my hands\nMight as well cancel our plans (Yeah, yeah)\nI could stay here forever\nSo, lock the door and throw out the key\nCan\'t fight this no more, It\'s just you and me\nAnd there\'s nothin\' I, nothin\' I, I can do\nI\'m stuck with you, stuck with you, stuck with you\nSo, go ahead and drive me insane\nBaby, run your mouth, I still wouldn\'t change\nBeing stuck with you, stuck with you, stuck with you\nI\'m stuck with you, stuck with you, stuck with you\nWoah\nBaby, come take all my time\nGo on, make me lose my mind\nWe got all that we need here tonight\nI lock the door (Lock the door) and throw out the key\nCan\'t fight this no more (Can\'t fight this no more), it\'s just you and me\nAnd there\'s nothin\' I, nothin\' I\'d rather do\nI\'m stuck with you, stuck with you, stuck with you\nSo, go ahead and drive me insane\nBaby, run your mouth, I still wouldn\'t change\nAll this lovin\' you, hatin\' you, wantin\' you\nI\'m stuck with you, stuck with you, stuck with\nYou, oh, oh\nStuck with you, stuck with you, stuck with you',1,42,'','','Gian Stone, Freddy Wexler, Ariana Grande, Justin Bieber, Skyler Stonestreet, Whitney Phillips, Scooter Braun'),(46,'너를 만나','',NULL,0,'너를 만난 그 이후로\n사소한 변화들에 행복해져\n눈이 부시게 빛 나는 아침\n너를 떠올리며 눈 뜨는 하루\n식탁 위에 마주 앉아\n너의 하루는 어땠는지 묻거나\n나의 하루도 썩 괜찮았어\n웃으며 대답해 주고 싶어\n별것 아닌 일에 맘이 통할 때면\n익숙해진 서로가 놀라웠어\n널 사랑해\n평온한 지금처럼만\n영원하고 싶다고\n너를 바라보다 생각했어\n너를 만나 참 행복했어\n나 이토록 사랑할 수 있었던 건\n아직 어리고 모자란 내 맘\n따뜻한 이해로 다 안아줘서 \n무심한 말투에 서로 아플 때면\n차가워진 사이가\n견딜 수 없어 미안해\n불안한 지금이라도\n영원하고 싶다고\n너를 바라보다 생각했어\n너를 만나 참 행복했어\n나 이토록 사랑할 수 있었던 건\n아직 어리고 모자란 내 맘\n따뜻한 이해로 다 안아줘서\n뜨거웠던 여름 지나\n그리워질 빗소리에\n하나 둘 수줍어 또 얼굴 붉히면\n생각이 많아진 너의 눈에 입 맞출 테니\n우리 함께 걸어가기로 해\n나를 만나 너도 행복하니\n못 해준 게 더 많아서 미안해\n이기적이고 불안한 내가\n너에게만은 잘하고 싶었어\n오랫동안 나 기다려온\n완벽한 사랑을 찾은 것 같아\n날 잡아줘서 힘이 돼줘서\n소중한 배려로 날 안아줘서\n너를 만나',1,43,'조셉 케이(Joseph K), 도니제이(Donnie J)','폴킴, 도니제이(Donnie J), 조셉 케이(Joseph K)','폴킴'),(47,'To Die For','',NULL,0,'It is if everyone dies alone\nDoes that scare you?\nI don\'t wanna be alone\nI look for you\nEvery day, every night\nI close my eyes\nFrom the fear, from the light\nAs I wander down the avenue, so confused\nGuess I\'ll try and force a smile\nPink lemonade sippin\' on a Sunday\nCouples holding hands on a runway\nThey\'re all posing in a picture frame\nWhilst my world\'s crashing down\nSolo shadow on a sidewalk\nJust want somebody to die for\nSunshine livin\' on a perfect day\nWhile my world\'s crashing down\nI just want somebody to die for\nI long for you\nJust a touch (Does that scare you?)\nOf your hand\nYou don\'t leave my mind\nLonely days, I\'m feeling\nLike a fool for dreaming\nAs I wander down the avenue, so confused\nGuess I\'ll try to force a smile\nPink lemonade sippin\' on a Sunday\nCouples holding hands on a runway\nThey\'re all posing in a picture frame\nWhilst my world\'s crashing down\nSolo shadow on a sidewalk\nJust want somebody to die for\nSunshine livin\' on a perfect day\nWhile my world\'s crashing down\nI just want somebody to die for\nI just want somebody to die for (To die for)\nI just want somebody to die for\n(Does that scare you?)\n(I don\'t wanna be alone)\nPink lemonade sippin\' on a Sunday\nCouples holding hands on a runway (Oh)\nThey\'re all posing in a picture frame\nWhilst my world\'s crashing down\nSolo shadow on a sidewalk\nJust want somebody to die for\nSunshine livin\' on a perfect day\nWhile my world\'s crashing down\nI just want somebody to die for\nI just want somebody to die for (To die for)',1,44,'','','Sam Smith, Jimmy Napes, Mikkel S. Eriksen, Tor Hermansen'),(48,'HIP','',NULL,0,'All I wanna be is 멋짐\n\n내 마음대로 골라 kick it\n\n머리 어깨 무릎 다 HIP 해\n\nDo it do it like me do it\n\n나를 따라 해 kick it\n\nClapping clapping 모두 같이 HIP\n\n\n\nI love you 네가 뭐라든 간에\n\nRespect you 네가 뭘 하든 간에\n\n늘 따끈따끈해 그 관심이 따끔따끔해\n\n또 힐끔 힐끔 힐끔\n\n\n\n이젠 모든 일이 가뿐해 veteran\n\n성공을 썰어 먹어 마치 michelin\n\n누구보다 빠른 걸음을 걸었네 비시즌\n\n잊은 지도 오래야 뒷걸음\n\n\n\nAll I wanna be is 멋짐\n\n내 멋대로 골라 kick it\n\n머리 어깨 무릎 다 HIP\n\n\n\n삐삐삐 논란이 돼 my fashion\n\n별로 신경 안 써 그저 action\n\n자꾸 click me click me\n\n홀린 듯이 zoom\n\nClose up close up close up\n\n\n\nHIP 해 HIP HIP\n\n머리 어깨 무릎 HIP\n\nHIP HIP HIP HIP HIP HIP 해 HIP HIP\n\n머리 어깨 무릎 HIP\n\nHIP HIP HIP HIP 해 HIP\n\n\n\n(Attention) 어딜 가든 넌\n\n(Reflection) 빛날 수 있어\n\n세상에 넌 하나뿐인 걸\n\n근데 왜이래 네 얼굴에 침 뱉니 (칵투)\n\n\n\n\n\n날 자극한 여러분 감사\n\n거기서 멈춘 찌질이 반사\n\n덕분에 나의 멘탈은 단단해\n\n난 다음 앨범 만들러 갈게\n\n\n\nAll you wanna be is trendy\n\n어그로 끌기 gimmick 때찌!\n\n그런 애들 끼리끼리 HIP\n\n\n\n삐삐삐 논란이 돼 my fashion\n\n별로 신경 안 써 그저 action\n\n자꾸 click me click me\n\n홀린 듯이 zoom\n\nClose up close up close up\n\n\n\nHIP 해 HIP HIP\n\n머리 어깨 무릎 HIP\n\nHIP HIP HIP HIP HIP HIP 해 HIP HIP\n\n머리 어깨 무릎 HIP\n\nHIP HIP HIP HIP 해 HIP\n\n\n\n코 묻은 티\n\n삐져나온 입\n\n떡진 머리\n\n난 상관없지\n\n코 묻은 티\n\n삐져나온 입\n\n떡진 머리\n\n내가 하면 HIP\n\n\n\n코 묻은 티\n\n삐져나온 팬티\n\n떡진 머리\n\n난 상관없지\n\n코 묻은 티\n\n삐져나온 팬티\n\n떡진 머리\n\n내가 하면 HIP\n\n\n\n삐삐삐 논란이 돼 my fashion\n\n별로 신경 안 써 그저 action\n\n자꾸 click me click me\n\n홀린 듯이 zoom\n\nClose up close up close up\n\n\n\nHIP 해 HIP HIP\n\n머리 어깨 무릎 HIP\n\nHIP HIP HIP HIP HIP HIP 해 HIP HIP\n\n머리 어깨 무릎 HIP\n\nHIP HIP HIP HIP 해 HIP',1,45,'김도훈(RBW), 박우상(RBW)','김도훈(RBW), 박우상(RBW), 화사(Hwa Sa)','김도훈(RBW), 박우상(RBW), 화사(Hwa Sa)'),(49,'Juice','',NULL,0,'Mirror mirror on the wall\nDon\'t say it\n\'cause I know I\'m cute\nOoh baby\nLouis down to my drawers\nLV all on my shoes\nOoh baby\nI be drippin\' so much sauce\nGotta been looking like Ragu\nOoh baby\nLittle like a crystal ball\nThat\'s cool baby so is you\nThat\'s how I roll\nIf I\'m shiny\neverybody gonna shine\nYeah I\'m gold\nI was born like this\ndon\'t even gotta try\nNow you know\nI like chardonnay\nget better over time\nSo you know\nHeard you say\nI\'m not the baddest bitch\nyou lie\nAin\'t my fault\nthat I\'m out here gettin\' loose\nGotta blame it on the Goose\nGotta blame it on my juice baby\nAin\'t my fault that\nI\'m out here makin\' news\nI\'m the pudding in the proof\nGotta blame it on my juice\nBlame it on my juice\nblame it blame it on my juice\nBlame it on my juice\nblame it blame it on my juice\nNo I\'m not a snack at all\nLook baby\nI\'m the whole damn meal\nOoh baby\nBaby you ain\'t bein\' slick\nDon\'t dare try to cop a feel\nOoh baby\nThe juice ain\'t\nworth the squeeze\nIf the juice don\'t look like this\nLike this like this like this\nHuh nigga please\ndon\'t make me have\nto take your bitch\nHow I roll\nIf I\'m shiny\neverybody gonna shine\nYeah I\'m gold\nI was born like this\ndon\'t even gotta try\nNow you know\nI like chardonnay\nget better over time\nSo you know\nHeard you say\nI\'m not the baddest bitch\nyou lie\nAin\'t my fault that\nI\'m out here gettin\' loose\nGotta blame it on the Goose\nGotta blame it on my juice baby\nAin\'t my fault that\nI\'m out here makin\' news\nI\'m the pudding in the proof\nGotta blame it on my juice\nBlame it on my juice\nblame it blame it on my juice\nBlame it on my juice\nblame it blame it on my juice\nSomebody come get this man\nI think he got lost in my DMs what\nMy DMs what\nYou better come get your man\nI think he wanna be way\nmore than friends what\nMore than friends\nWhat you want me to say\nIt ain\'t my fault\nthat I\'m out here gettin\' loose\nGotta blame it on the Goose\nGotta blame it on my juice baby\nIt ain\'t my fault that\nI\'m out here makin\' news\nI\'m the pudding in the proof\nGotta blame it on my juice\nBlame it on my juice\nblame it blame it on my juice\nBlame it on my juice\nblame it blame it on my juice',1,46,'','',''),(50,'어떻게 지내 (Prod. By VAN.C)','',NULL,0,'어떻게 지내 식상한 말이\n내 가사가 될 줄 몰랐어\n얼마 안됐네 지나온 날이\n다 알아도 그립더라고\n\ni still need you \ni need you\n\n시간이 필요했어 우린 정말 사랑했지만\n가살 쓰는 법도 잊어버리게 됐지 난\n넌 헤어지면 우리 노랠 제발 내지 말아\n달라 했지만 못 들어줘 미안\n\n나는 하루 종일 누워 있었어\n불면이 심해져서 안 피곤한 날이 없어\n가끔은 문 밖에서 누가 문을 두드려\n그건 환상인데도 나는 두려워\n\n다시 눈 뜨면 니가 있을까 \n그럼 무서운 표정을 지을까\n아니면 어떤 대화를 나누고 싶어질 수도 \n있어 그때처럼\n\n대체 왜 보고싶지 남겨진 상처 대신\n남은 건 혼자 돼버린 역시 너와 나겠지\n난 아직 낯설기만 해 넌 어때\n더 지독해 지기 전에 잊어볼게\n\n어떻게 지내 식상한 말이\n내 가사가 될 줄 몰랐어\n얼마 안됐네 지나온 날이\n다 알아도 그립더라고\n\ni still need you \ni need you\n\n월요일에 병원을 예약했어\n너 없이 사는게 힘들었나봐\n하루도 빼지 않고 사람을 만나\n너도 알겠지만 오봉이도 데려 왔어 \n\n너무 그리워하지 않더라 예범이는\n난 약을 먹었지만 아닐거야 별일은\n자전거를 타고 어디론가 가려하면\n다 너와 간 곳 뿐인게 좀 그럴 뿐야\n\n여기저기에 핑계를 대 불면증 습관이 돼\n너가 아닌 사람에게 널 원하고\n흉터가 된 상처는 더 이상 아프지가 않잖아\n\n그래서 널 그리나봐 이젠 눈물이 나와\n널 다치게 하지 않을 순 없었을까\n만약 나 때문이었다면 다 나 때문이면\n\n널 이렇게 망가지게 한 게\n나인 건 아닐까\n내가 이렇게 망가지다니\n대체 왜 병원에 다닐까',1,47,'VAN.C','오반, VAN.C','오반'),(51,'Square (2017)','',NULL,0,'All the colors and personalities\n모든 색깔과 성격들 \nyou can’t see right through what I truly am\n그것들 사이로는 내가 정말 어떤 사람인지 볼 수 없어\nyou’re hurting me without noticing \n넌 예고도 없이 나에게 상처를 주고 \nI’m so, so broke like someone just robbed me\n누가 날 털어간 것 마냥 부서진 것 같아\n\nI’m no invincible\n난 강한 사람이 아니야\nI have much memories of getting more weaker \n난 점점 약해져가는 기억들이 훨씬 많은 걸\nI know I’m not loveable\n나도 내가 사랑받을 수 없는 거 알아\nbut you know what you’d have to say\n그래도 네가 어떤 말을 해줘야 하는지 알지?\n\n\n“Come on let’s go to bed \n“나와 같이 침대로 가자 \nwe gonna rock the night away\n우린 이 밤을 신나게 보낼 거야\nwho did that to you, babe\n누가 너에게 그런 짓을 한 거야\nIf you’re not in the right mood to sleep now then, \n네가 당장 잠들 수 있는 기분이 아니라면 \nCome on, let’s drink and have very unmanageable day \n나와서 나랑 한잔하고, 감당하기 힘든 하루를 보내자!\nwould you want me in bae\n내가 거기 있길 바라?\nIf you’re not in the right mood to sleep now then \n네가 당장 잠들 수 있는 기분이 아니라면 \ncome take my arms and go \n나와 함께 가자!\nI’II be yours for sure”\n내가 너의 것이 되어줄게!” \n\n\nAll the traces and reminiscences \n모든 흔적들과 과거를 회상하는 일들 \nYou can’t sense right through how I truly was \n그 사이로는 내가 정말 어땠는지 느낄 수 없을 거야\nYou were gripping me without noticing\n넌 날 예고도 없이 끌어당겼고 \nWas so, so strange like Someone never loved me \n마치 누가 날 사랑한 적이 없는 것처럼 정말 낯설었어\n\nI’m no invincible\n난 강한 사람이 아니야\nI have much memories of getting more weaker \n난 점점 약해져가는 기억들이 훨씬 많은 걸\nI know I’m not loveable\n나도 내가 사랑받을 수 없는 거 알아\nbut you know what you’d have to say\n그래도 네가 어떤 말을 해줘야 하는지 알지?\n\n\n“Come on let’s go to bed \n“나와 같이 침대로 가자\nwe gonna rock the night away!\n우린 이 밤을 신나게 보낼거야\nwho did that to you, babe\n누가 너에게 그런 짓을 한거야 \nIf you’re not in the right mood to sleep now then, \n네가 당장 잠들 수 있는 기분이 아니라면 \nCome on, let’s drink and have very unmanageable day \n나와서 나랑 마시고, 감당하기 힘든 하루를 보내자\nwould you want me, in bae\n내가 거기 있길 바라?\nIf you’re not in the right mood to sleep now then \n네가 당장 잠들 수 있는 기분이 아니라면 \ncome take my arms and go \n나와 함께 가자\nI’ll be yours for sure”\n내가 너의 것이 되어줄게” \n\n\nYou’re the only one, who saw my yesterday \n너는 내 어제를 본 유일한 사람이야 \nthe one who knows I’m here alive today \n여기, 오늘 내가 살아있다는 걸 아는 사람이고\nComfort me say, what I’m meant to you \n날 위로해줘, 내가 너에게 어떤 뜻인지 말해줘 \nyou should know what you have to say \n네가 뭐라고 해야 하는지 알아야 해\n\n\n“Come on let’s go to bed \n“나와 같이 침대로 가자\nwe gonna rock the night away\n우린 이 밤을 신나게 보낼 거야\nwho did that to you, babe\n누가 너에게 그런 짓을 한거야 \nIf you’re not in the right mood to sleep now then, \n네가 당장 잠들 수 있는 기분이 아니라면 \nCome on, let’s drink and have very unmanageable day \n나와서 나랑 마시고, 감당하기 힘든 하루를 보내자\nwould you want me in, bae\n내가 거기 있길 바라?\nIf you’re not in the right mood to sleep now then \n네가 당장 잠들 수 있는 기분이 아니라면 \ncome, take my arms and go \n나와 함께 가자\nI’ll be yours for sure”\n내가 너의 것이 되어줄게”',1,48,'구름','백예린, 구름','백예린'),(52,'마음을 드려요','',NULL,0,'당신에게 드릴 게 없어서\n나의 마음을 드려요\n그대에게 받은 게 많아서\n표현을 다 할 수가 없어요\n\n나지막한 인사에\n수많은 내 마음 고이 담아\n그대에게로 건네면\n내 마음 조금 알까요\n\n어떤 이유로 만나\n나와 사랑을 하고\n어떤 이유로 내게 와\n함께 있어준 당신\n\n부디 행복한 날도\n살다 지치는 날도\n모두 그대의 곁에 내가\n있어줄 수 있길\n\n어떤 소식 보다 더\n애타게 기다려지는 그대\n엇갈리지 않게 여기\n기다릴게요\n\n눌러 적은 편지에\n수많은 그리움 고이 담아\n그대 내게로 올 때면\n그 손에 쥐어줄게요\n\n어떤 이유로 만나\n나와 사랑을 하고\n어떤 이유로 내게 와\n함께 있어준 당신\n\n부디 행복한 날도\n살다 지치는 날도\n모두 그대의 곁에 내가\n있어줄 수 있길\n\n네 번의 모든 계절들과\n열두 달의 시간을 너와\n숨이 차게 매일\n사랑하며 함께 할게\n\n어떤 이유로 만나\n우리 사랑을 했던\n지금 이 순간처럼\n매일 바라보며\n애써주기를\n\n부디 행복한 날도\n살다 지치는 날도\n모두 그대의 곁에 내가\n있어줄 수 있길\n\n부디 \n추억만 남지 않길 너완 ',1,49,'남혜승, 박진호','남혜승, 박진호','남혜승, 박진호'),(53,'bad guy','',NULL,0,'White shirt now red, my bloody nose\nSleepin\', you\'re on your tippy toes\nCreepin\' around like no one knows\nThink you\'re so criminal\nBruises on both my knees for you\nDon\'t say thank you or please\nI do what I want when I\'m wanting to\nMy soul so cynical\n\nSo you\'re a tough guy\nLike it really rough guy\nJust can\'t get enough guy\nChest always so puffed guy\nI\'m that bad type\nMake your mama sad type\nMake your girlfriend mad tight\nMight seduce your dad type\nI\'m the bad guy, duh\n\nI\'m the bad guy\n\nI like it when you take control\nEven if you know that you don\'t\nOwn me, I\'ll let you play the role\nI\'ll be your animal\nMy mommy likes to sing along with me\nBut she won\'t sing this song\nIf she reads all the lyrics\nShe\'ll pity the men I know\n\nSo you\'re a tough guy\nLike it really rough guy\nJust can\'t get enough guy\nChest always so puffed guy\nI\'m that bad type\nMake your mama sad type\nMake your girlfriend mad tight\nMight seduce your dad type\nI\'m the bad guy, duh\n\nI\'m the bad guy, duh\nI\'m only good at bein\' bad, bad\n\nI like when you get mad\nI guess I\'m pretty glad that you\'re alone\nYou said she\'s scared of me?\nI mean, I don\'t see what she sees\nBut maybe it\'s \'cause I\'m wearing your cologne\n\nI\'m a bad guy\nI\'m a bad guy\nBad guy, bad guy\nI\'m a bad',1,50,'','','Billie Eilish, Finneas'),(54,'바람이 부네요','',NULL,0,'바람이 부네요\n춥진 않은가요\n밤 깊어 문득\n그대 얼굴이 떠올라\n\n가슴 뛴 그대 미소\n떨리던 그 목소리\n많은 상처에 얼어붙은\n내 마음 감쌌던\n\n산다는 건 신비한 축복\n분명한 이유가 있어\n세상엔 필요 없는\n사람은 없어 모두\n\n마음을 열어요\n그리고 마주 봐요\n처음 태어난 이 별에서\n사는 우리 손잡아요\n\n산다는 건 신비한 축복\n분명한 이유가 있어\n세상엔 필요 없는\n사람은 없어 모두\n\n마음을 열어요\n그리고 마주 봐요\n처음 태어난 이 별에서\n사는 우리 손잡아요\n처음 태어나 이 별에서\n사는 우리 손잡아요',1,51,'이승환(The Story)','임인건','임인건'),(55,'그때 그 아인','',NULL,0,'길었던 하루 그림잔\n아직도 아픔을 서성일까\n말없이 기다려 보면\n쓰러질 듯 내게 와 안기는데\n마음에 얹힌 슬픈 기억은\n쏟아낸 눈물로는 지울 수 없어\n어디서부터 지워야 할까\n허탈한 웃음만이\n가슴에 박힌 선명한 기억\n나를 비웃듯 스쳐 가는 얼굴들\n잡힐 듯 멀리 손을 뻗으면\n달아나듯 조각난 나의 꿈들만\n두 갈래 길을 만난 듯\n멍하니 한참을 바라보다\n무언가 나를 이끌던\n목소리에 한참을 돌아보면\n지나온 모든 순간은 어린\n슬픔만 간직한 채 커버렸구나\n혼자서 잠들었을 그 밤도\n아픔을 간직한 채\n시간은 벌써 나를 키우고\n세상 앞으로 이젠 나가 보라고\n어제의 나는 내게 묻겠지\n웃을 만큼 행복해진 것 같냐고\n아직 허기진 소망이\n가득 메워질 때까지\n시간은 벌써 나를 키우고\n세상 앞으로 이젠 나가 보라고\n어제의 나는 내게 묻겠지\n웃을 만큼 행복해진 것 같냐고\n아주 먼 훗날 그때 그 아인\n꿈꿔왔던 모든 걸 가진 거냐고',1,52,'박성일','박성일','서동성'),(56,'밤편지','',NULL,0,'이 밤 그날의 반딧불을 \n당신의 창 가까이 보낼게요\n음 사랑한다는 말이에요\n\n나 우리의 첫 입맞춤을 떠올려\n그럼 언제든 눈을 감고 \n음 가장 먼 곳으로 가요\n\n난 파도가 머물던 \n모래 위에 적힌 글씨처럼\n그대가 멀리 \n사라져 버릴 것 같아 \n늘 그리워 그리워\n\n여기 내 마음속에 \n모든 말을 \n다 꺼내어 줄 순 없지만\n사랑한다는 말이에요\n\n어떻게 나에게 \n그대란 행운이 온 걸까\n지금 우리 함께 있다면 \n아 얼마나 좋을까요\n\n난 파도가 머물던 \n모래 위에 적힌 글씨처럼\n그대가 멀리 \n사라져 버릴 것 같아\n또 그리워 더 그리워\n\n나의 일기장 안에\n모든 말을 \n다 꺼내어 줄 순 없지만\n사랑한다는 말\n\n이 밤 그날의 반딧불을 \n당신의\n창 가까이 띄울게요\n음 좋은 꿈 이길 바라요',1,53,'제휘, 김희원','제휘, 김희원','아이유(IU)'),(57,'모든 날, 모든 순간 (Every day, Every Moment)','',NULL,0,'네가 없이 웃을 수 있을까\n생각만 해도 눈물이나\n힘든 시간 날 지켜준 사람\n이제는 내가 그댈 지킬 테니\n\n너의 품은 항상 따뜻했어\n고단했던 나의 하루에 유일한 휴식처 \n\n나는 너 하나로 충분해\n긴 말 안 해도 눈빛으로 다 아니깐\n한 송이의 꽃이 피고 지는\n모든 날, 모든 순간 함께해\n\n햇살처럼 빛나고 있었지\n나를 보는 네 눈빛은\n꿈이라고 해도 좋을 만큼\n그 모든 순간은 눈부셨다\n\n불안했던 나의 고된 삶에\n한줄기 빛처럼 다가와 날 웃게 해준 너 \n\n나는 너 하나로 충분해\n긴 말 안 해도 눈빛으로 다 아니깐\n한 송이의 꽃이 피고 지는\n모든 날, 모든 순간 함께해\n\n알 수 없는 미래지만\n네 품속에 있는 지금 순간 순간이\n영원 했으면 해 \n\n갈게 바람이 좋은 날에\n햇살 눈부신 어떤 날에 너에게로\n처음 내게 왔던 그날처럼\n모든 날, 모든 순간 함께해',1,54,'어깨깡패','어깨깡패','어깨깡패'),(58,'Birthday','',NULL,0,'I\'m another year older\nI won\'t cry about you anymore\nTold my friends to come over\nTo dye my hair, mmm\nIt\'s not even the weekend\nAnd I\'m wearin\' that dress I can\'t afford\nGivin\' life a new meanin\'\nWithout you there\nDo some stupid shit, maybe get a tattoo (Oh)\nWhatever I can do to get my mind off you (Oh)\nIt\'s my birthday\nI\'ma do what I like\nI\'ma eat what I like\nI\'ma kiss who I like\nIt\'s my birthday\nI\'ma do what I like\nI\'ma wear what I like\nI\'ma party tonight\nGoddamn, it\'s my birthday\nEverybody love me\nYeah, yeah, yeah\nLook at me, give me money\nDamn, it\'s my birthday\nEverybody love me\nAnd I ain\'t thinkin\' \'bout you\nIt\'s my birthday\nI blow out all the candles (I blow out all the candles), uh\nI can\'t even afford my rent (Ooh)\nSo I\'m not buyin\' the drinks \'cause\nI\'ma leave that to my friends, it\'s you\nBallin\' now with everybody in the room, yeah\nThat\'s what I do, that\'s what I do, yeah (Oh)\nWhatever I can do to get my mind off you\nHa, that\'s what I do, that\'s what I do (Oh)\nIt\'s my birthday\nI\'ma do what I like\nI\'ma eat what I like\nI\'ma kiss who I like\nIt\'s my birthday\nI\'ma do what I like\nI\'ma wear what I like\nI\'ma party tonight\nGoddamn, it\'s my birthday\nEverybody love me\nYeah, yeah, yeah\nLook at me, give me money (Woo)\nDamn, it\'s my birthday (Oh woo)\nEverybody love me\nAnd I ain\'t thinkin\' \'bout you\nIt\'s my birthday\nAin\'t got any wiser\nGonna be hungover\nNever learned my lesson\n(Yeah, yeah, yeah, yeah)\nAnd I ain\'t gonna listen\nI don\'t really care \'cause\nIt\'s my birthday\nI\'ma do what I like\nI\'ma eat what I like (Yeah)\nI\'ma kiss who I like\nIt\'s my birthday\nI\'ma do what I like (Ha)\nI\'ma wear what I like\nI\'ma party tonight\nGoddamn, it\'s my birthday\nEverybody love me\nYeah, yeah, yeah\nLook at me, give me money\nDamn, it\'s my birthday\nEverybody love me\nAnd I ain\'t thinkin\' \'bout you\nIt\'s my birthday, my birthday\nAnd I ain\'t thinkin\' \'bout you\nIt\'s my birthday (No), my birthday (No, woah)\nAnd I ain\'t thinkin\' \'bout you (No, yeah)\nIt\'s my birthday, my birthday (Yeah, it\'s my birthday and I\'ma do whatever I like)\nAnd I ain\'t thinkin\' \'bout you (Yeah, do whatever I like)\nIt\'s my birthday, my birthday\nIt\'s my birthday so you better treat me nice',1,55,'','','Anne-Marie Nicholson, Delacey, Keith Sorrells, Warren Okay Felder'),(59,'사계 (Four Seasons)','',NULL,0,'사계절이 와, 그리고 또 떠나\n내 겨울을 주고 또 여름도 주었던\n온 세상이던 널 보낼래 \n정말 너를 사랑했을까? \n\n언제야, 봄이던가\n맞아 그땐 한참 서로가\n셰익스피어의 연극 같은\n마지막이 될 사랑 마주한 듯\n둘밖에 안 보였나 봐\n다른 걸 좀 보고파\n\n* I gave you the world\n너만이 전부라\n내 겨울을 주고 또 여름도 주었지\n뜨겁고 차갑던 그 계절에\n정말 너를 사랑했을까?\n내가 너를 사랑했을까?\n\n서로를 그리워했고\n서로를 지겨워하지\n그 긴 낮과 밤들이\n낡아 녹슬기 전에\n우리 다시 반짝이자\n또 계절이 바뀌잖아\n\n*REPEAT\n\n가도 돼, 뒤돌아볼 때쯤엔 난 없어\n우리, 꽤 괜찮았어\n그거면 된 거야 떠날 때 \n\n사계절이 와, 그리고 또 떠나\n내 겨울을 주고 또 여름도 주었던\n온 세상이던 널 보낼래 \n정말 너를 사랑했을까?\n내가 너를 사랑했을까?\n내가 너를 사랑했을까?',1,56,'Kenzie, NONFICTION (AFSHeeN, Josh Cumbee)','Josh Cumbee, Afshin Salmani, Andrew Allen, Kenzie','Kenzie'),(60,'Say So','',NULL,0,'Day to night to morning, keep with me in the moment\nI\'d let you had I known it, why don\'t you say so?\nDidn\'t even notice, no punches left to roll with\nYou got to keep me focused, you want it, say so\nDay to night to morning, keep with me in the moment\nI\'d let you had I known it, why don\'t you say so?\nDidn\'t even notice, no punches left to roll with\nYou got to keep me focused, you want it, say so\nIt\'s been a long time since you fell in love\nYou ain\'t coming out your shell, you really ain\'t been yourself\nTell me what must I do (do tell, my love)\n\'Cause luckily I\'m good at reading\nI wouldn\'t bug him, but he won\'t stop cheesin\'\nAnd we can dance all day around it\nIf you front then I\'ll be bouncing\nIf you want it scream and shout it, babe\nBefore I leave you dry\nDay to night to morning, keep with me in the moment\nI\'d let you had I known it, why don\'t you say so?\nDidn\'t even notice, no punches left to roll with\nYou got to keep me focused, you want it, say so\nDay to night to morning, keep with me in the moment\nI\'d let you had I known it, why don\'t you say so?\nDidn\'t even notice, no punches left to roll with\nYou got to keep me focused, you want it, say so (yeah)\nLet me check my chest, my breath right quick (ha)\nHe ain\'t never seen it in a dress like this (ah)\nHe ain\'t never even been impressed like this\nProlly why I got him quiet on the set like zip\nLike it, love it, need it bad\nTake it, own it, steal it, fast\nBoy, stop playing, grab my ass\nWhy you actin\' like you shy?\nShut it, save it, keep it, pushin\'\nWhy you beating \'round the bush?\nAnd knowing you want all this woman\nNever knock it \'til you try (yeah, yeah)\nAll of them bitches hating I have you with me\nAll of my niggas saying you mad committed\nRealer than anybody you had, and pretty\nAll of that body-ody, the ass and titties\nDay to night to morning, keep with me in the moment\nI\'d let you had I known it, why don\'t you say so?\nDidn\'t even notice, no punches left to roll with\nYou got to keep me focused, you want it, say so\nDay to night to morning, keep with me in the moment\nI\'d let you had I known it, why don\'t you say so?\nDidn\'t even notice, no punches left to roll with\nYou got to keep me focused, you want it, say so',1,57,'','TYSON TRAX','TYSON TRAX'),(61,'Take Yourself Home','',NULL,0,'I\'m tired of the city, scream if you\'re with me\nIf I\'m gonna die, let\'s die somewhere pretty, ah, ah-ah\nSad in the summer, city needs a mother\nIf I\'m gonna waste my time then it\'s time to go\nTake yourself home\nTalk to me\nThere\'s nothing that can\'t be fixed with some honesty\nAnd how it got this dark is just beyond to me\nIf anyone can hear me, switch the lights, oh\nAnd happiness is right there where you lost it\nWhen you took the bet\nCounting all the losses that you can\'t collect\nGot everything and nothing in my life\nI\'m tired of the city, scream if you\'re with me\nIf I\'m gonna die, let\'s die somewhere pretty, ah, ah-ah\nSad in the summer, city needs a mother\nIf I\'m gonna waste my time then it\'s time to go\nTake yourself home\nTake yourself home\nWho you really tryna be when you see your face?\nIs it worth it trying to win in a losing game?\nWell, it\'s all waiting for you\nAnd boy, I know you\'re eager\nBut it just might destroy you\nDestroy you, yeah\nI\'m tired of the city, scream if you\'re with me\nIf I\'m gonna die, let\'s die somewhere pretty, ah, ah-ah\nSad in the summer, city needs a mother\nIf I\'m gonna waste my time then it\'s time to go\nTake yourself home\nTake yourself home (Yeah, yeah, yeah)\nTake yourself home\nOh, oh, oh, oh, oh',1,58,'','','Oscar Görres, Tayla Parx, Brett McLaughlin, Troye Sivan Mellet'),(62,'시든 꽃에 물을 주듯','',NULL,0,'아무말도 아무것도 여전히 넌 여기 없고\n\n널 원하고 널 원해도 난 외롭고\n\n\n\n꽃이 피고 진 그 자리\n\n끝을 몰랐었던 맘이\n\n깨질 것만 같던 그때 우리 음\n\n\n\n시든 꽃에 물을 주듯\n\n싫은 표정조차 없는\n\n결국엔 부서진 여기 우리 음\n\n\n\n다 잊었니 말없이 다 잊었니\n\n사랑한단 말로 날 가둬둔 채로\n\n\n\n넌 잊었니 난 잊지 못하나봐\n\n바보처럼 기다려 난 오늘도\n\n\n\n어쩌다 이렇게 됐지\n\n너무 예뻤잖아 둘이\n\n매일 설레였지 그때 우린 음\n\n\n\n시든 꽃에 물을 주듯\n\n싫은 표정조차 없는\n\n결국엔 부서진 여기 우리\n\n\n\n다 잊었니 말없이 다 잊었니\n\n사랑한단 말로 날 가둬둔 채로\n\n\n\n넌 잊었니 난 잊지 못하나봐\n\n바보처럼 기다린\n\n바보처럼 빈 자릴 붙잡는 나\n\n\n\n차라리 다 끝났다고 말해줘\n\n이기적인 그 침묵에 또 나만\n\n바보처럼 미련한\n\n내가 미워\n\n\n\n아무말도 아무것도 여전히 넌 여기 없고\n\n널 원하고 널 원해도 난 지쳐가',1,59,'K.imazine, 강화성','K.imazine','못말, 키야, K.imazine'),(63,'오늘도 빛나는 너에게 (To You My Light) (Feat. 이라온)','',NULL,0,'별빛이 내린 밤 \n그 풍경 속 너와 나\n날 새롭게 하는\n따뜻하게 만드는\n니 눈빛 니 미소\n영원히 담아둘게\n\n너로 가득한 맘\n널 닮아가는 나\n날 위한 선물\n꿈보다 더 아름다운\n서로의 품에서\n끝 없는 밤을 걷자\n\n나의 모든 날들을 다 주고싶어\n내 이 맘을 모두 전하고 싶어\n잠들지 못한\n푸른 바람들\n이렇게 밝게 이 밤을 비춰\n\n너와 작은 일상을 함께 하는게\n내 가장 큰 기쁨인걸 넌 알까\n내 세상 속에\n넌 빛이 되어\n지금 모습 그대로 내 곁에만\n\n행복이 짙은 날\n어둠이 없는 밤\n같은 맘 속에\n같은 꿈이 피어난 건\n우리의 정해진\n운명이 맞닿은거야\n\n나의 모든 날들을 다 주고싶어\n내 이 맘을 모두 전하고 싶어\n잠들지 못한\n푸른 바람들\n이렇게 밝게 이 밤을 비춰\n\n너와 작은 일상을 함께 하는게\n내 가장 큰 기쁨인걸 넌 알까\n내 세상 속에\n넌 빛이 되어\n지금 모습 그대로 내 곁에만\n\n내게 온 너란 빛이 눈 부셔도\n네 앞에서 한 순간도 눈 감지 않아\n\n다가올 시간도\n계절의 바람도\n널 데려가지 못하게\n\n내가 더 좋은 사람이 되고 싶어\n더 아름답게 널 안을 수 있게\n잠들지 못한\n잠들 수 없는\n바람들이 널 부르고 있어\n\n언제까지나 너와 함께 할거야\n내 마지막 숨결도 너일거야\n내 세상 속에\n넌 빛이 되어\n지금 모습 그대로 내 곁에만\n\n이렇게 밝게 이 밤을 비춰',1,60,'마크툽(Maktub), 이라온, Triple Synergy, 박민지','마크툽(Maktub)','마크툽(Maktub)'),(64,'찐이야','',NULL,0,'찐찐찐찐 찐이야 완전 찐이야\n진짜가 나타났다 지금\n찐찐찐찐 찐이야 완전 찐이야\n찐하게 사랑할 거야\n요즘 같이 가짜가 많은 세상에\n믿을 사람 바로 당신 뿐\n내 모든 걸 다 줘도 아깝지 않은\n내 인생에 전부인 사람\n끌리네 끌리네 자꾸 끌리네\n쏠리네 쏠리네 자꾸 쏠리네\n심장을 훔쳐간 사람\n찐찐찐찐 찐이야 완전 찐이야\n진짜가 나타났다 지금\n찐찐찐찐 찐이야 완전 찐이야\n찐하게 사랑할 거야\n\n찐이야~\n요즘 같이 가짜가 많은 세상에\n믿을 사람 바로 당신 뿐\n내 모든 걸 다 줘도 아깝지 않은\n내 인생에 전부인 사람\n끌리네 끌리네 자꾸 끌리네\n쏠리네 쏠리네 자꾸 쏠리네\n심장을 훔쳐간 사람\n찐찐찐찐 찐이야 완전 찐이야\n진짜가 나타났다 지금\n찐찐찐찐 찐이야 완전 찐이야\n찐하게 사랑할 거야\n찐하게 찐하게 찐하게 찐하게\n찐찐찐찐 찐이야 완전 찐이야\n진짜가 나타났다 지금\n찐찐찐찐 찐이야 완전 찐이야\n찐하게 사랑할 거야\n찐하게 찐하게 찐하게 찐하게\n사랑할 거야',1,61,'김지환, 알고보니혼수상태, 진실이','김지환, 알고보니혼수상태','김지환, 알고보니혼수상태'),(65,'어떻게 지내 (답가)','',NULL,0,'어떻게 지내 식상한 말이\n네 가사가 될 줄 몰랐어\n벌써 잊었네 지나간 날이\n꽤 쉽게 잊혀지더라고\n\nI don\'t need you\nDon\'t need you  \nI don\'t need you\nDon\'t need you\n\n시간이 필요했어 정말 사랑했지만\n노력 하는 게 지쳐버렸지 난\n헤어지면 우리 노랠 제발 내지 말아\n달라 했지만, 또 해놓고 미안\n\n나는 하루 종일 TV를 봤어\n친구들 만나 매일 바빴어\n그러다 문득 네가 눈 앞에 나타나\n그건 환상이라고\n\n다시 눈 뜨면 니가 있을까\n매번 다짐을 해도 왜 그럴까\n아니면 내가 외로웠던 걸까\n익숙해질꺼야 없던 일처럼\n\n대체 왜 보고싶니 남겨진 상처 보다\n남은 건 혼자 돼버린 결국 너와 나잖아\n난 생각보다 잘 살아 넌 어때\n더 지독해 지기 전에 잊혀질게\n\n어떻게 지내 식상한 말이\n네 가사가 될 줄 몰랐어\n벌써 잊었네 지나간 날이\n꽤 쉽게 잊혀지더라고\n\nI don\'t need you\nDon\'t need you  \nAnd I don\'t need you\nDon\'t need you\n\n월요일에 네가 연락했어\n나 없이 사는게 힘들었다고\n반복되는 너의 거짓말\n너도 알겠지만 이젠 지겹지도 않니\n\n그리워하지 않는게 좋을거야\n약은 이제 그만 별일은 없을거야\n자전거를 타고 어디든 가보면\n나와 갔던 곳, 추억은 사라질 거야\n\n여기저기서 수군대 집착은 습관이 돼\n내가 아닌 사람에게 날 원하고\n흉터가 된 상처는 더 이상 회복되지 않잖아\n\n넌 아직인가봐 그말이 나와\n날 다치게 하지 않을 순 없었을까\n만약이란 따윈 없어 이젠 끝난거니까\n\n어떻게 지내 식상한 말이\n네 가사가 될 줄 몰랐어\n벌써 잊었네 지나간 날이\n꽤 쉽게 잊혀지더라고\n\nI don\'t need you\nDon\'t need you  \nAnd I don\'t need you\nDon\'t need you oh~\n\n널 이렇게 망가지게 한 게\n너인 건 아닐까\n네가 이렇게 망가지다니\n대체 왜 병원에 다닐까\n\n또 이렇게 망가지지 말고\n널 위해 살면 어떨까\n네가 왜 이렇게 망가져 \n아니 대체 왜 다 끝난 거잖아',1,62,'VAN.C','오반, VAN.C','오반, 런치'),(66,'Sour Candy','',NULL,0,'Sou-sour candy\nSou-sour candy\nI\'m sour candy\nSo sweet then I get a little angry yeah\nSour candy yeah yeah yeah yeah yeah\nI\'m super psycho\nMake you crazy\nwhen I turn the lights low\nSour candy yeah yeah yeah yeah\nAsk me to be nice\nand then I\'ll do it extra mean\n뜻밖의 표정 하나에 넌 당황하겠지\n비싼 척이란 말들로\n날 포장한 건 너야 너야\nIf you wanna fix me\nthen let\'s break up here and now\n거리낌 없는 눈빛에 넌 거릴 두니까\n툭 까보면 어김없이\n소릴 질러 wow\nUh-huh uh-huh Oh\nI\'m hard on the outside\nBut if you give me time\nThen I could make time for your love\nI\'m hard on the outside\nBut if you see inside inside inside\nI might be messed up\nBut I know what\'s up\nYou want a real taste\nAt least I\'m not a fake\nCome come unwrap me\nCome come unwrap me\nI\'ll show you what\'s me\nClose your eyes don\'t peek\nNow I\'m undressing\nUnwrap sour candy\nCome come unwrap me\nCome come unwrap me\nCome on sour candy Oh\nI\'m hard on the outside\nBut if you give me time\nThen I could make time for your love\nI\'m hard on the outside\nBut if you see inside inside inside\nI\'m sour candy\nSo sweet \'til I get a little angry yeah\nSour candy yeah\nyeah yeah yeah yeah\nI\'m super psycho\nMake you crazy\nwhen I turn the lights low\nSour candy yeah yeah yeah yeah\nTake a bite take a bite\nS-sour candy Sour candy\nTake a bite take a bite Uh\nS-sour candy\nTake a bite take a bite\nS-sour candy Sour candy\nTake a bite take a bite Uh\nSour candy',1,63,'','','BloodPop®, Lady Gaga, Matthew Burns, Rami Yacoub, Madison Emiko Love, Hong Jun Park'),(67,'Together','',NULL,0,'Ooh, together\nWe can take it higher\nI can hear the thunder\nComing from your mouth\nAnd I know my number\'s up\nGive me some Stevie Wonder\nQuick, put it on before we go under\nI can see the lightning\nComing from your ears\nYeah, I see you\'re frightened\nI can see the lion\nSleeps tonight in the tears you\'re crying\nOh, you can\'t love me unless you love you too\nTreat yourself like nothin\' but a fool\nCan\'t love me unless you love you too\nLove you too\nCome now set the past on fire\nStand up raise your face to the sky, my love\nTogether, we can take it higher\nOh, together, we can take it higher\nCome now set the past on fire\nStand up raise your face to the sky, my love\nTogether, we can take it higher\nOh, together, we can take it higher\nI can see the rainbow\nComing from your heart and it\'s all ok so\nCome now, see you\'re my angel\nSo say \"Bye\" to the past, \"Hello\" to tomorrow\nOh, you can\'t love me unless you love you too\nTreat yourself like nothing but a fool\nCan\'t love me unless you love you too\nLove you too\nCome now set the past on fire\nStand up raise your face to the sky, my love\nTogether, we can take it higher\nOh, together, we can take it higher\nCome now set the past on fire\nStand up raise your face to the sky, my love\nTogether, we can take it higher\nOh, together, we can take it higher\nI want love, I want to give it\nI want love, please deliver it\nI want love, I want to give it\nI want love, please deliver it\nI want love, I want to give it\nI want love, please deliver it\nI want love, I want to give it\nI want love, please deliver it\nCome now set the past on fire\nStand up raise your face to the sky, my love\nTogether, we can take it higher\nOh, together, we can take it higher\nCome now set the past on fire\nStand up raise your face to the sky, my love\nTogether, we can take it higher\nOh, together, we can take it higher\nOoh, together, we can take it higher\nOoh, together, we can take it higher\nOoh, together, we can take it higher\nOoh, together, we can take it higher',1,64,'','',''),(68,'Oh my god','',NULL,0,'눈부신 하늘에 시선을 가린 채 네 품 안에 안기네\n흐르는 음악에 정신을 뺏긴 채 그대로 빨려 드네 \nHelp me help me 숨이 멎을 것 같이 I feel\nSet me free set me free 녹아 버릴 것 같이 So sick\n\n쉴 틈 없이 빠져들고 이리저리 갖고 놀고\n이성을 깨부수고 제멋대로 들어오지\n위험하니 갖고 싶고 아픔까지 안고 싶고\n결국 너를 품으니 난\n\nOh my god She took me to the sky\nOh my god She showed me all the stars\n\nBabe babe 달려들 것만 같이 Come in\nMake me make me 정신 나갈 것 같이 Like it\n\nOh god 어찌 저에게\n이런 시험을 줬나요 Is it a call from hell?\nCan’t stop 대체 어떻게 그녀를 빠져나갈까요\n당신이 준 절제는 어두운 블랙홀 속 갈기갈기\n찢겨져 혼이 나간 채로 그저 어리버리\n통제가 불가능해 설탕 뿌린 마약같이\n이게 죄라면 벌이라도 아주 달게 받지\n\n미친 듯이 아름답고 다시 보니 악마 같고\n이성을 쏙 빼놓고 제멋대로 들어오지\n불꽃처럼 강렬하고 데일만큼 사랑하고\n결국 너를 품으니 난\n\nOh my god She took me to the sky\nOh my god She showed me all the stars\n\n짙은 보랏빛 향길 온몸에 물들이고\n높고 넓은 하늘의 저 끝까지 퍼트리네\n짙은 붉은색 사랑을 얼굴에 새기고\n그 누가 뭐라 해도 Fall in love\n\nOh my god She took me to the sky\nOh my god She showed me all the stars\n\n눈부신 하늘에 시선을 가린 채 네 품 안에 안기네\n흐르는 음악에 정신을 뺏긴 채 그대로 빨려 드네',1,65,'빅싼초(Yummy Tone), 소연((여자)아이들)','소연((여자)아이들), 빅싼초(Yummy Tone)','소연((여자)아이들)'),(69,'Feel Special','',NULL,0,'그런 날이 있어\n갑자기 혼자인 것만 같은 날\n어딜 가도 내 자리가 아닌 것만 같고\n고갠 떨궈지는 날\n\n그럴 때마다 내게\n얼마나 내가 소중한지\n말해주는 너의 그 한마디에\nEverything\'s alright\n초라한 Nobody에서 다시 Somebody\n특별한 나로 변해\n\nYou make me feel special\n세상이 아무리 날 주저앉혀도\n아프고 아픈 말들이 날 찔러도\n네가 있어 난 다시 웃어\nThat\'s what you do\n\nAgain I feel special\n아무것도 아닌 존재 같다가도\n사라져도 모를 사람 같다가도\n날 부르는 네 목소리에\nI feel loved, I feel so special\n\n자꾸 숨고만 싶어서\n마주 하기가 싫어서\n모든 게 의미를 잃은 듯이\n내가 의미를 잃은 듯이\n가만히 주저앉아 있을 때\n\n그때 내 앞에 나타난 너의\n따뜻한 미소와 손길에\n\nEverything\'s alright\n초라한 Nobody에서 다시 Somebody\n특별한 나로 변해\n\nYou make me feel special\n세상이 아무리 날 주저앉혀도\n아프고 아픈 말들이 날 찔러도\n네가 있어 난 다시 웃어\nThat\'s what you do\n\nAgain I feel special\n아무것도 아닌 존재 같다가도\n사라져도 모를 사람 같다가도\n날 부르는 네 목소리에\nI feel loved, I feel so special\n\nYou make everything alright\n구름이 쫙 낀 햇살 한 줌 없는 날\n네가 바로 나의 Shining light\nThat\'s what you do\n아무리 어두운 밤도 다시 낮\nI owe it to you\nBecause you make me feel special\n\n세상이 아무리 날 주저앉혀도\n아프고 아픈 말들이 날 찔러도\n네가 있어 난 다시 웃어\nThat\'s what you do\n\nAgain I feel special\n아무것도 아닌 존재 같다가도\n사라져도 모를 사람 같다가도\n날 부르는 네 목소리에\nI feel loved, I feel so special',1,66,'이우민 \'Collapsedone\'','박진영, OLLIPOP, Hayley Aitken','박진영'),(70,'사랑이란 멜로는 없어','',NULL,0,'다 끝이라고\n우리 다신 마주하지 말자\n내게 모질게도\n대했던 그대에게\n처음으로 내뱉은 말\n\n아직 사랑하는데\n더는 내 곁에 없단 걸 알아\n너 먼저 떠나고\n혼자 남겨진 나는\n오늘도 한숨만 내쉬며 걷는다\n\n사랑이란 멜로는 없어\n그렇게 사랑했던 우리가 남이 되는 게\n돌아오지 않을 네 뒷모습을 보며\n아직 너를 사랑한다고\n말하지 못했어\n\n사랑이란 멜로는 없어\n혹시 네가 다시 돌아오면\n고백할게\n거짓말이라고 보고 싶었다고\n우연히라도 마주치길\n바래왔었다고\n\n오늘 하루가 참 길어\n우리 그렇게 헤어지던 날\n애써 웃음을 지었던\n내가 참 바보 같죠\n그때 널 잡았었다면\n지금 달라졌을까\n\n사랑이란 멜로는 없어\n그렇게 사랑했던 우리가 남이 되는 게\n돌아오지 않을 네 뒷모습을 보며\n아직 너를 사랑한다고\n말하지 못했어\n\n하루 종일 네 사진을 보고 있으면\n다시 돌아가고 싶어\n너를 품에 안고 싶어\n그날 그대를 놓치지 않았다면\n어땠을까\n\n사랑이란 멜로는 없어\n\n사랑이란 멜로는 없어\n그렇게 사랑했던 우리가 남이 되는 게\n돌아오지 않을 네 뒷모습을 보며\n아직 너를 사랑한다고\n말하지 못했어\n사랑이란 멜로는 없어\n혹시 네가 다시 돌아오면\n고백할게\n거짓말이라고 보고 싶었다고\n우연히라도 마주치길\n바래왔었다고',1,67,'DOKO(도코), 사승호, 레넌(LNNN), GiiANA','DOKO(도코), 레넌(LNNN), GiiANA','DOKO(도코)'),(71,'작은 것들을 위한 시 (Boy With Luv) (Feat. Halsey)','71.mp3',NULL,0,'모든 게 궁금해 How’s your day\nOh tell me\n뭐가 널 행복하게 하는지\nOh text me\n\nYour every picture\n내 머리맡에 두고 싶어 oh bae\nCome be my teacher\n네 모든 걸 다 가르쳐줘\nYour 1, your 2\n \nListen my my baby 나는\n저 하늘을 높이 날고 있어\n(그때 니가 내게 줬던 두 날개로)\n이제 여긴 너무 높아\n난 내 눈에 널 맞추고 싶어\nYeah you makin’ me a boy with luv\n \nOh my my my oh my my my\nI\'ve waited all my life\n네 전부를 함께하고 싶어\nOh my my my oh my my my\nLooking for something right\n이제 조금은 나 알겠어\n\nI want something stronger\nThan a moment, than a moment, love\nI have waited longer\nFor a boy with\nFor a boy with luv\n\n널 알게 된 이후 ya 내 삶은 온통 너 ya\n사소한 게 사소하지 않게 만들어버린 너라는 별\n하나부터 열까지 모든 게 특별하지\n너의 관심사 걸음걸이 말투와 사소한 작은 습관들까지\n \n다 말하지 너무 작던 내가 영웅이 된 거라고 (Oh nah)\n난 말하지 운명 따윈 처음부터 내 게 아니었다고 (Oh nah)\n세계의 평화 (No way)\n거대한 질서 (No way)\n그저 널 지킬 거야 난\n(Boy with luv)\n \nListen my my baby 나는\n저 하늘을 높이 날고 있어\n(그때 니가 내게 줬던 두 날개로)\n이제 여긴 너무 높아\n난 내 눈에 널 맞추고 싶어\nYeah you makin’ me a boy with luv\n \nOh my my my oh my my my\nYou got me high so fast\n네 전부를 함께하고 싶어\nOh my my my oh my my my\nYou got me fly so fast\n이제 조금은 나 알겠어\n \nLove is nothing stronger\nThan a boy with luv\nLove is nothing stronger\nThan a boy with luv\n \n툭 까놓고 말할게\n나도 모르게 힘이 들어가기도 했어\n높아버린 sky, 커져버린 hall\n때론 도망치게 해달라며 기도했어\nBut 너의 상처는 나의 상처\n깨달았을 때 나 다짐했던 걸\n니가 준 이카루스의 날개로\n태양이 아닌 너에게로\nLet me fly\n\nOh my my my oh my my my\nI\'ve waited all my life\n네 전부를 함께하고 싶어\nOh my my my oh my my my\nLooking for something right\n이제 조금은 나 알겠어\n\nI want something stronger\nThan a moment, than a moment, love\nLove is nothing stronger\nThan a boy with luv',1,68,'','Pdogg, RM, Melanie Joy Fontana, Michel \'Lindgren\' Schulz, 방시혁, 슈가, Emily Weisband, 제이홉, Halsey','Pdogg, RM, Melanie Joy Fontana, Michel \'Lindgren\' Schulz, 방시혁, 슈가, Emily Weisband, 제이홉, Halsey'),(72,'영웅 (英雄; Kick It)','',NULL,0,'Let me introduce you to some\nnew thangs new thangs new thangs\nbass kick swingin\' like\nI’m Bruce Lee Bruce Lee Bruce Lee\nshimmy shimmy shimmy\n불이 붙네 불이 붙네\n이 무대 위로 뜰 땐\n난 앞으로 찔러 좌우 Bruce Lee \n날아다녀 하루 종일 Bruce Lee\n\nComin\' up 지금 여기로\nbaby 이 느낌은 이해 못 해 머리론\nfighting for all day\n아무 생각 말고 너의 이야기대로 걸어\n\n어두운 어제가 오늘을 삼켜 버리기 전에\n내 목소린 더 퍼져야 해 소리치면 돼\n내겐 no more trauma\n\nBaby we go wild\none two seven squad\n난 앞으로 질러 pow\n좌우로 내질러 pow\n\n난 앞으로 찔러 좌우\nnew thangs new thangs new thangs\n우리가 어딜 가든 축제\n들어 축배 like my birthday\n모두 감아 차올리지 높이\nWhere ma roof at 지붕이 우주에\n(na na na na na na)\n난 앞으로 찔러 좌우 Bruce Lee\n날아다녀 하루 종일 Bruce Lee\n(na na na na na na)\n \n(Ya!)\ngot that drip 흘러 넘쳐 Guts 잃어버린 겁\n어디서든 make it poppin\'\nkeep it movin\' like ‘Jeet Kune’\n내 앞을 막을 땐\n‘Samuel Jackson’ 돼 wassup?\n배배 꼬인 놈\nBaby you just gotta watch\n\n\'Enter The Dragon\' 난 영화같이\n걸음걸이마저 Martial Arts\nLooking that everybody looking at me\nCams Action Movie shh\n\n쓰러뜨려 하나씩\n(쉿) blows away \n자비는 없지 ruthless\ndroppin\' the bomb on ma enemies\nand I’m gonna kick it like Bruce Lee\n\n수많은 날들의 같은 장면을 반복한 끝에\n어제의 날 무너뜨리고 소리치면 돼\n내겐 no more trauma\n\nBaby we go wild\none two seven squad\nWe ain’t never gonna stop\n끝이 안 보여도 가\n\n난 앞으로 찔러 좌우 \nnew thangs new thangs new thangs\n(na na na na na na)\n난 앞으로 찔러 좌우 Bruce Lee\n날아다녀 하루 종일 Bruce Lee\n(na na na na na na)\n\nMy world 만들어가 yeah\n상상조차 할 수 없었던\n아주 극적인 장면 그 깊은 곳에\n눈앞에 펼쳐질 새로운 세상들\n손안에 잡힐 듯 내 안으로 들어와\n어둠 끝에 다시 난 새로 태어나\n\n난 앞으로 찔러 좌우\nnew thangs new thangs new thangs\n우리가 어딜 가든 축제\n들어 축배 like my birthday\n(eh eh eh eh eh eh)\n\nshimmy shimmy shimmy 불이 훅\nshimmy shimmy shimmy 훅\n높이 Where ma roof at\n지붕이 우주에\n(na na na na na na)\n난 앞으로 찔러 좌우 Bruce Lee\n날아다녀 하루 종일 Bruce Lee\n(na na na na na na)\n날아다녀 하루 종일 Bruce Lee',1,69,'Dem Jointz, DEEZ, 유영진','Dem Jointz, Mayila Jones, Rodnae \'Chikk\' Bell, DEEZ, 유영진, 라이언 전','WUTAN, Rick Bridges, danke(lalala studio)'),(73,'주저하는 연인들을 위해','',NULL,0,'나는 읽기 쉬운 마음이야\n당신도 스윽 훑고 가셔요\n달랠 길 없는 외로운 마음 있지\n머물다 가셔요 음\n내게 긴 여운을 남겨줘요\n사랑을 사랑을 해줘요\n할 수 있다면 그럴 수만 있다면\n새하얀 빛으로 그댈 비춰 줄게요\n그러다 밤이 찾아오면\n우리 둘만의 비밀을 새겨요\n추억할 그 밤 위에 갈피를 꽂고 선 \n남몰래 펼쳐보아요 \n나의 자라나는 마음을\n못 본채 꺾어 버릴 수는 없네\n미련 남길바엔 그리워 아픈 게 나아\n서둘러 안겨본 그 품은 따스할 테니\n그러다 밤이 찾아오면\n우리 둘만의 비밀을 새겨요\n추억할 그 밤 위에 갈피를 꽂고 선\n남몰래 펼쳐보아요\n언젠가 또 그날이 온대도\n우린 서둘러 뒤돌지 말아요\n마주보던 그대로 뒷걸음치면서\n서로의 안녕을 보아요\n피고 지는 마음을 알아요 다시 돌아온 계절도\n난 한 동안 새 활짝 피었다 질래 또 한번 영원히\n그럼에도 내 사랑은 또 같은 꿈을 꾸고\n그럼에도 꾸던 꿈을 미루진 않을래',1,70,'최정훈, 김도형, 유영현, 권박사','최정훈, 김도형, 유영현','최정훈'),(74,'이제 나만 믿어요','',NULL,0,'무얼 믿은 걸까 부족했던 내게서\n나조차 못 믿던 내게 여태 머문 사람\n무얼 봤던 걸까 가진 것도 없던 내게\n무작정 내 손을 잡아 날 이끈 사람\n\n최고였어\n그대 눈 속에 비친 내 모습\n이제는 내게서 그댈 비춰줄게\n\n궂은 비가 오면\n세상 가장 큰 그대 우산이 될게\n그댄 편히 걸어가요\n걷다가 지치면\n내가 그대를 안고 어디든 갈게\n이제 나만 믿어요\n\n나만 두고 가던, 나만 스쳐 간 행운이 모여\n그대가 되어서 내게 와준 거야\n\n궂은 비가 오면\n세상 가장 큰 그대 우산이 될게\n그댄 편히 걸어가요\n걷다가 지치면\n내가 그대를 안고 어디든 갈게\n이제 나만 믿어요\n\n나의 마지막 주인공이 되어\n다신 누구 앞에서도 그대는 고개 숙이지 마요\n내가 보지 못했던 홀로 고단했던 시간\n고맙고 미안해요 사랑해요\n\n이 세상은\n우리를 두고 오랜 장난을 했고\n우린 속지 않은 거야\n이제 울지 마요\n좋을 땐 밤새도록 맘껏 웃어요\n전부 그대 꺼니까\n그대는 걱정 말아요\n이제 나만 믿어요',1,71,'조영수, 이유진','조영수','김이나'),(75,'주라주라','',NULL,0,'입 닫고 지갑 한 번 열어주라\n회식을 올 생각은 말아주라\n주라주라주라 휴가 좀 주라\n\n마라마라 야근하덜 말아라\n낄낄빠빠 가슴에 새겨주라\n칼퇴칼퇴칼퇴 집에 좀 가자\n\n아 머리 좋아 대표 아니더냐\n주라주라 카드 주라\n오늘은 오늘은 소고기로 요미요미요미요미\n\n야근할 생각은 마이소\n오늘은 얼마 만에 하는\n데이트 날인데\n\n가족이라 하지 마이소\n가족 같은 회사\n내 가족은 집에 있어요\n\n괜찮다 먼저 가라 말아주라\n화장했는데 아프냐고 묻냐\n주라주라주라 관심 좀 주라\n\n마라마라 2차 오지 말아주라\n간주 중에 멘트하지 말아라\n간주점프 간주점프 제발 눌러주라\n\n주라주라 법카 말고 개인카드 샥샥샤\n오늘따라 말랐네요 대표~님~\n주라주라 보너스는 내 통장에 쏴쏴쏴\n아 대표님 바지핏이 참 잘 어울려요\n \n야근할 생각은 마이소\n오늘은 얼마 만에 하는 데이트 날인데\n \n가족이라 하지 마이소\n가족 같은 회사 내 가족은 집에 있어요\n\n가족 같은 회사 내 가족은 집에 있어요',1,72,'DOKO(도코)','DOKO(도코)','둘째이모 김다비'),(76,'깡','',NULL,0,'Yeah 다시 돌아왔지\n내 이름 레인(RAIN)\n스웩을 뽐내 WHOO!\nThey call it! 왕의 귀환\n후배들 바빠지는 중!\n신발끈 꽉 매고\n스케줄 All Day\n내 매니저 전화기는\n조용할 일이 없네 WHOO!\n\n15년을 뛰어\n모두가 인정해 내 몸의 가치\n허나, 자만하지 않지\n매 순간 열심히 첫 무대와 같이 \n타고난 이 멋이 어디가\n30 sexy 오빠\n또 한번 무대를 적셔\n레인이펙트\n나 비 효과\n\n화려한 조명이 나를 감싸네\n시간이 멈추길 기도해\nbut, I’m not gonna cry yeah\n불 꺼진 무대 위 홀로 남아서\n떠나간 그대의 목소릴 떠올리네\n나 쓰러질 때까지 널 위해 춤을 줘\n\n허세와는 거리가 멀어\n난 꽤 많은 걸 가졌지\n수많은 영화제 관계자\n날 못 잡아 안달이 나셨지\n귀찮아 죽겠네 알다시피\n이 몸이 꽤 많이 바빠\n섭외 받아 전세계 왔다 갔다\n팬들이 하늘을 날아 WHOO!\n\nTV 드라마, 영화 yeah!\nI get it all\n이젠 모두를 붙잡을 노래를 불러\n볼륨은 올리고\n재 등장과 동시\n완전 물 만나 call me 나쁜 오빠\n무대를 다시 한번 적시지\n레인이펙트\n나 비 효과\n\n화려한 조명이 나를 감싸네\n시간이 멈추길 기도해\nbut, I’m not gonna cry yeah\n불 꺼진 무대 위 홀로 남아서\n떠나간 그대의 목소릴 떠올리네\n나 쓰러질 때까지 널 위해 춤을 줘',1,73,'Magic Mansion','Magic Mansion','Magic Mansion, Ltak'),(77,'Zombie','',NULL,0,'어제는 어떤 날이었나\n특별한 게 있었던가\n떠올려 보려 하지만\n별다를 건 없었던 것 같아\n\n오늘도 똑같이 흘러가\n나만 이렇게 힘들까\n어떻게 견뎌야 할까\n마음껏 소리쳐 울면 나아질까\n\nYeah we live a life\n낮과 밤을 반복하면서\nYeah we live a life\n뭔가 바꾸려 해도\n할 수 있는 것도\n가진 것도 없어 보여\n\nI feel like I became a zombie\n머리와 심장이 텅 빈\n생각 없는 허수아비\n언제부터 이렇게 된 걸까 Oh why\n\nI became a zombie\n난 또 걸어 정처 없이\n내일도 다를 것 없이\n그저 잠에 들기만을 기다리며 살아\n\nYeah we live a life \n어둠 속에서 눈을 뜬 채로\nThis meaningless life\n편히 쉬고 싶어도\n꿈꾸고 싶어도\n아무것도 하지 못해\n\nI feel like I became a zombie\n머리와 심장이 텅 빈\n생각 없는 허수아비\n언제부터 이렇게 된 걸까 Oh why\nI became a zombie\n난 또 걸어 정처 없이\n내일도 다를 것 없이\n그저 잠에 들기만을 기다리며 살아\n\n다 털어놓고 Wanna cry\n다 내려놓고 Can I cry\n마른 내 눈물을 돌려줘\nOh oh\n\nI feel like I became a zombie\n머리와 심장이 텅 빈\n생각 없는 허수아비\n언제부터 이렇게 된 걸까 Oh why\nI became a zombie\n난 또 걸어 정처 없이\n내일도 다를 것 없이\n그저 잠에 들기만을 기다리며 살아',1,74,'홍지상','Jae, 홍지상','Young K, 원필'),(78,'Punch','',NULL,0,'한 방 Puncher 다 휘청거려\n해머 아웃 날려\n‘cause I’m a clean fighter \n뭘 망설여 네 셔플은 느려\n더 바짝 붙어 언제 깰래\nwake up!\ngong이 울려 함성도 커져\n내 피가 끓어 거칠게 없어\nwe the future and we are dreamerz\n링은 뒤집히고 우린 꽤 제법 하지\n\nHot hot hot\n자 더블 타임 스윙\n내 귓속의 gig\n그 비트 위로 힛\n찢겨진 데시빌\non the 32nd beat\n한계 없는 gain\nmy mix straight bang like\n\nHot hot hot 또 lick을 쏟아대\nstyles make a fight 거짓말 안 해\nAs high as we can get\nAs loud as we can get\n준비한 자가 차지해\nwe got the championship\n\n거칠었던 라운드 난 다음을 준비해\n메말랐던 너의 영혼 적셔 줄 나이기에\n매 순간 처음인 듯 일어날 나이길\n\nHey We Ballin’\nWe fight together\nThat punch! 날리고\n더 뛰고 소리쳐 Babe\n가슴은 뜨거워 yeah yeah\nHey We Ballin’\n전부를 바꿀 파이터 \n내 세상으로 와\n우리가 누구야 babe hey we ballin’\n\n혼자만의 소우주\n그 안의 긴 긴 싸움\n달리고 또 달려도\n멀어 보인 그 출구\n너의 신호 느꼈지\n나만 빛을 본거지\n풀려지는 그 비밀\n너만이 나의 exit\n\nHa ha ha 쏟아진 환희\n난 숨 몰아쉬어 눈 똑바로 떠\nAs high as we can get\nAs loud as we can get\n대세는 정해져\n우리가 다 날려 Punch!\n\n거칠었던 라운드 난 다음을 준비해\n매 순간 처음인 듯 일어날 나이길\n\nHey We Ballin’\nWe fight together\nThat punch! 날리고\n\n이 빛 아래 꿈꾸는 듯해\n뜨거움이 멈추지 않기를 더 원해\none more time one more time\n큰 세계로 끝없이 달려가\n후회 없이 난 싸워볼래\nmy show goes on\n\nHey We Ballin’\nHey We Ballin’\nHey We Ballin’\nWe fight together\nThat punch! 날리고\n더 뛰고 소리쳐 Babe\n가슴은 뜨거워 yeah yeah\nHey We Ballin’\n전부를 바꿀 파이터   \n내 세상으로 와\n우리가 누구야 babe hey we ballin’\n\nHey We Ballin’',1,75,'Kenzie, Dem Jointz, Alawn, 라이언 전','Kenzie, Dem Jointz, Keynon Moore','Kenzie'),(79,'취했나봐','',NULL,0,'취했나봐 우리 이제 그만하자\n너와 친구로 지내는 거 나 안될 것 같아\n그동안 나 무덤덤한 척했지만\n너와 함께했던 그날부터 설레었던 나\n\n뭐해 넌 괜찮니\n웃고 있는 너의 표정에\n한참 망설이다\n아무 말도 못했어\n\n취했나봐 너에게 취했나봐\n나 너 좋아하나봐\n왜 자꾸 헷갈리게 해 왜 why\n미쳤나봐 너만 생각나나봐 우리\n이미 알고 있잖아\n나 오늘 너에게 취했나봐\n\n뭐해 좀 걸을까\n같이 걷던 길목에 서서 \n한참 바라보다\n아무 말도 못했어\n\n취했나봐 너에게 취했나봐\n나 너 좋아하나봐\n왜 자꾸 헷갈리게 해 왜 why\n미쳤나봐 너만 생각나나봐 우리\n이미 알고 있잖아\n나 오늘 너에게 취했나봐\n\n난 안돼 오늘은 안돼 네가 없으면\n나 지금 너에게 말하고 싶어\n오늘 지금 여기 이 순간 우리\n\n넌 어떠니 지금 앞에 있는 나\n아무 대답 없는 너\n왜 자꾸 헷갈리게 해 왜 why\n미쳤나봐 너만 생각나나봐 우리\n이미 알고 있잖아\n나 오늘 너에게 취했나봐\n오늘 너에게',1,76,'전태익, 황두완','황인욱, 전태익','황인욱'),(80,'돼버릴거야 (Feat. 휘인 of 마마무) (Prod. 기리보이)','',NULL,0,'되고 싶어 모든 게\n되고 싶어 모든 게\n되고 싶어 모든 게\n너와 손잡고 한남동 거리를 누벼\n맛집을 구경만 했어\n줄이 넘 길어 1시간 동안 \n화가 나버린 우울한 표정\n화가가 돼 너의 표정을 그려\n웃게만 할 수 있다면 그림을 배워\n작가가 돼 우리 대본을 짜면\n모든 게 영화처럼 바뀔 텐데\n그냥 돼버릴거야 \n너의 하루를 책임지는 너의 핸드폰처럼\n너와 함께 나를 충전해 줘 \n그냥 돼버릴거야\n난 도시에 비둘기처럼 \n날 놀래키고 겁줘도 난 안 도망가\n넌 항상 특별하고 가끔은 이상해 \n그래 아마 둘 다겠지\n너에게 날 비춰보면 정말 나는 특별해\n우린 잘 맞는 리듬 and 소리 \n건반이 돼 너의 멜로딜 쓰면\n내 곡을 부르는 뮤지션이 돼줘 \n너의 계절이 돼 우리 봄날이 되면\n모든 게 영화처럼 바뀔 텐데\n그냥 돼버릴거야 \n너의 하루를 책임지는 너의 핸드폰처럼\n너와 함께 나를 충전해 줘 \n그냥 돼버릴거야\n난 도시에 비둘기처럼 \n날 놀래키고 겁줘도 난 안 도망가\n난 돼버릴까 해 너의 1위 가수\n너가 나를 찾기 쉽게 항상 여기에 있을게\n돼 버려줘 나의 모든 \n차가운 빈칸 속의 온도가 되어줘\n늘 거기 있어줘 \n그냥 돼버릴거야 \n너의 하루를 책임지는 너의 핸드폰처럼\n너와 함께 나를 충전해 줘 \n그냥 돼버릴거야\n난 도시에 비둘기처럼 \n날 놀래키고 겁줘도 난 안 도망가',1,77,'기리보이, Johnny, tanoki, GLEAM','기리보이, Johnny, tanoki','기리보이, 김이나'),(81,'Señorita','',NULL,0,'I love it when you call me señorita\nI wish I could pretend I didn\'t need ya\nBut every touch is ooh-la-la-la\nIt\'s true, la-la-la\nOoh, I should be runnin\'\nOoh, you keep me coming for ya\n\nLand in Miami\nThe air was hot from summer rain\nSweat drippin\' off me\nBefore I even knew her name, la-la-la\nIt felt like ooh-la-la-la (Yeah, no)\nSapphire moonlight, we danced for hours in the sand\nTequila sunrise, her body fit right in my hands, la-la-la\nIt felt like ooh-la-la-la, yeah\n\nI love it when you call me señorita\nI wish I could pretend I didn\'t need ya\nBut every touch is ooh-la-la-la\nIt\'s true, la-la-la\nOoh, I should be runnin\'\nOoh, you know I love it when you call me señorita\nI wish it wasn\'t so damn hard to leave ya\nBut every touch is ooh-la-la-la\nIt\'s true, la-la-la\nOoh, I should be runnin\'\nOoh, you keep me coming for ya\n\nLocked in the hotel\nThere\'s just some things that never change\nYou say we\'re just friends\nBut friends don\'t know the way you taste, la-la-la\n\'Cause you know it\'s been a long time coming, don\'t ya let me fall, ooh\nOoh, when your lips undress me\nHooked on your tongue\nOoh, love, your kiss is deadly, don\'t stop\n\nI love it when you call me señorita\nI wish I could pretend I didn\'t need ya\nBut every touch is ooh-la-la-la\nIt\'s true, la-la-la\nOoh, I should be runnin\'\nOoh, you know I love it when you call me señorita\nI wish it wasn\'t so damn hard to leave ya\nBut every touch is ooh-la-la-la\nIt\'s true, la-la-la\nOoh, I should be runnin\'\nOoh, you keep me coming for ya\n\nAll along I\'ve been coming for ya (For you)\nAnd I hope it means something to you\nCall my name, I\'ll be coming for ya (Coming for ya)\nComing for ya (Coming for ya)\nFor ya\nFor ya (Oh, she loves it when I come)\nFor ya\nOoh, I should be runnin\'\nOoh, you keep me coming for ya',1,78,'','','Shawn Mendes, Camila Cabello, Andrew Wotman, Benjamin Levin, Ali Tamposi, Charli XCX, Jack Patterson, Magnus August Höiberg'),(82,'안녕','',NULL,0,'안녕 이라는 말을해\n짧은 시간을 뒤로 한채로\n여전히 아프겠지만\n하룻밤 자고 나면 사라지는 꿈처럼\n너를 oh~ 잊게될까 두려워져\n무심히 널 떠올리게 되면\n불안해지는 맘 어떻게 해야하니\n안녕 이제는 안녕\n이 말 도저히 할 수가 없어\n너로 가득찬 내 마음\n겨우 내가 할 수 있는 일\n너를 사랑하는 거\n다시 널 만날 수 있길\n\n아주 오래 전부터 정해진 연일지도\n너밖에 모를 내가 되었던 그때가\n두려워져 널 안고 있으면\n자꾸 욕심이나 어쩔 수 없는걸\n안녕 이제는 안녕\n이 말 도저히 할 수가 없어\n너로 가득찬 내 마음\n겨우 내가 할 수 있는 일\n너를 사랑하는 거\n다시 널 만날 수 있길\n\n굳게 닫힌 저 문이 열리면\n그때는 널 다시 볼 수 있을까\n잠시 스치듯 만나\n운명처럼 날 꽃 피우게 해\n매일 널 꿈꾸겠지만\n가득 채울 그리움만큼\n바라는 건 단 하나\n계속 내 곁에 있어줘',1,79,'로코베리','로코베리, 폴킴','폴킴, 지훈, 박세준'),(83,'너에게 못했던 내 마지막 말은','',NULL,0,'아직 남았을까\n\n못 잊을 이유가 남아 있을까\n\n나만 왜 이렇게 \n\n바보같이 혼자 널 기다릴까 음\n\n\n애꿎은 바람들은\n\n말도 안 되는 네 말을 또 믿고 싶게 해\n\n달라질 게 없는데 끝인 걸 아는데\n\n생각이 나 그 모든 게\n\n\n나 어쩌면 너에게 하고 싶은 말은 \n\n긴 밤을 지새도 아직 너를 많이 사랑한다고\n\n이 아픈 시간이 어서 지나가기를\n\n조금만 더 버텨볼게\n\n\n네가 없는 하루가 버겁긴 하지만\n\n보고 싶은 마음 꾹 참고\n\n하루에 하나씩 잊어볼게 그래 볼게 \n\n매일 이런 다짐을 해 습관처럼\n\n\n생각보다 길어진\n\n그리움이 익숙해져 가는 날들에\n\n제법 웃기도 하다 또 괜찮다가도 \n\n생각이 나 네 모든 게\n\n\n나 어쩌면 너에게 하고 싶은 말은 \n\n긴 밤을 지새도 아직 너를 많이 사랑한다고\n\n이 아픈 시간이 어서 지나가기를\n\n조금만 더 버텨볼게\n\n\n네가 없는 하루가 버겁긴 하지만\n\n보고 싶은 마음 꾹 참고\n\n하루에 하나씩 잊어볼게 그래 볼게 \n\n매일 이런 다짐을 해 습관처럼\n\n\n괜찮은 척 비워낸 척해봐도\n\n사실 많이 힘들어서\n\n당장이라도 네게 가고 싶어\n\n지금은 아니어도 \n\n끝내 내 손잡아 줘 oh\n\n\n너에게 못했던 내 마지막 말은\n\n언젠가 한 번쯤 나를 떠올리다 그리워지면\n\n언제든 돌아와 난 여기 있을 거야\n\n아무 일 없던 것처럼\n\n\n너 없는 하루가 어렵긴 하지만\n\n이 정도쯤은 꾹 참고 \n\n하루에 하나씩 기억할게 그래 볼게\n\n사랑을 시작하던 그때처럼',1,80,'최한솔, 한경수','한경수, 최한솔','이해리 (다비치), 강민경, 한경수, 최한솔'),(84,'I\'m in Trouble','',NULL,0,'다른 소리 모두 Mute 해\n안 듣기로 해\n보통과는 다른 너와\n너보다 더 변해 있는 나\n\n수많은 Question Waterfall\n또 다른 Answer Waterfall \n(Oh Yeh Yeh)\n지금 우리처럼\n시간도 변하고 있어\n\n내일 내일 하룰 망쳐도\n원망할 생각 없어 하나도\n이 밤에 서로를 Figure out Figure out\n감정을 모험함 모험함 Yeh Yeh\n\n조금씩 가까워질 때 Yeh\n너 나 할 것 없이\n밀어내고 끌어안아\n(밀어내고 끌어안아)\n\nSo baby Woo\nOh I’m in trouble \nOh I’m in trouble \n비밀을 만들고 싶어져서\nOh I’m in trouble \nOh I’m in trouble \n(Oh I’m in trouble)\n\nSo baby Woo\n내일부터 우리 서로를 부를 때\n기대가 되지\n스치듯 뱉는 말도 \n나를 미치게 해 넌\n(Woo Yeh Eh Eh Eh)\n\nOh I’m in trouble \nOh I’m in trouble \nOh I’m in trouble \nOh I’m in trouble \nOh I’m in trouble \nOh I’m in trouble \n스치듯 뱉는 말도 나를 미치게 해 넌\n(Woo Yeh Eh Eh Eh)\n\n오늘 밤 지나 내일이 돼서 \n널 그리워하는 실수는 싫어\n\n너는 내 밤 Oh my\n내 감정의 이유 1000가지도 넘을 거야\n내 머린 너로 가득 차 있어\n\n조금씩 가까워질 때 Yeh\n너 나 할 것 없이\n밀어내고 끌어안아\n(밀어내고 끌어안아)\n\nSo baby Woo\nOh I’m in trouble \nOh I’m in trouble \n비밀을 만들고 싶어져서\nOh I’m in trouble \nOh I’m in trouble \n(Oh I’m in trouble)\n\nSo baby Woo\n내일부터 우리 서로를 부를 때\n기대가 되지\n스치듯 뱉는 말도 나를 미치게 해 넌\n\nI got you on my mind\n(I got you on my mind)\nI got you on my mind (Woo)\nI got you on my mind\nSo baby Woo\n너의 친구들이 내가 누구냐고 물어봤으면 해\n\nOh I’m in trouble \nOh I’m in trouble \nOh I’m in trouble \nOh I’m in trouble \nOh I’m in trouble \nOh I’m in trouble \n스치듯 뱉는 말도 나를 미치게 해 넌\n(Woo Yeh Eh Eh Eh)',1,81,'BUMZU, 백호 (뉴이스트), Anchor','BUMZU, 백호 (뉴이스트)','백호 (뉴이스트), BUMZU'),(85,'비가 내리는 날에는','',NULL,0,'문득 생각이나요\n\n우리 헤어지던 날\n\n마음 아팠던 그날을\n\n\n\n그대는 여전히 잘 지내나요\n\n이런 날이면 보고 싶어요\n\n아직 난 그댈 좋아한다고\n\n\n\n비가 내리는 날에는\n\n나를 생각해줘요\n\n함께 걸었던 거리를 기억해줘요\n\n비가 내리는 날이면\n\n조금 아파해줘요\n\n추억이 담긴 내 눈물이 그대 어깰 적시도록\n\n\n\n그땐 왜 그리도 모질었나요\n\n헤어지기 싫다고 네게 소리 쳐봐도\n\n표정 하나 안 변하고 나를 밀어내던\n\n그대가 참 보고 싶은 날\n\n\n\n비가 내리는 날에는\n\n나를 생각해줘요\n\n함께 걸었던 거리를 기억해줘요\n\n비가 내리는 날이면\n\n조금 아파해줘요\n\n추억이 담긴 내 눈물이 그대 어깰 적시도록\n\n\n\n어쩌죠\n너무 보고 싶어요\n\n잠에 들 수도 없죠\n\n그대가 참 미워요\n\n\n\n\n\n비가 내리는 날에는\n\n나를 생각해줘요\n\n\n\n오늘 비가 내리네요\n\n그대가 그리워요\n\n함께 걸었던 거리를 걷고 있어요\n\n비가 내리는 날이면\n\n내가 많이 아파요\n\n내 눈물에 그대를 담아\n\n이제 그만 놓아주길',1,82,'DOKO(도코), 사승호','DOKO(도코)','DOKO(도코)'),(86,'나의 오랜 연인에게','',NULL,0,'까만 밤 빛이 없는 하루에 혼자 서있는 듯 어떤 말도 반갑지 않은 날에\n\n그래 넌 항상 거기 있지 그게 난 너무 편했나 봐 좋았나 봐 자꾸 두려울 만큼 \n\n\n멀리 걷고 있는 사람들 속 너만 참 빛나 보여 그저 힘들던 하루가\n\n날 아껴주는 네가 있어서 감사해\n\n\n가끔씩 난 뒤 돌아보면 철없이 온 세상에 우리 둘밖에 없었던 지난날 그때 또 그립겠지만 \n\n처음 같은 설레임보다 서로를 따뜻하게 바라봐주는 지금 이대로의 모습이 소중해\n\n\n이렇게 오랫동안 우리가 함께 웃게 될 줄 몰랐어 난 아마 너도 그렇지\n\n\n때론 알 수 없는 불안함에 아픈 날도 있었어 버거운 다툼 속에서\n\n어느새 훌쩍 커버린 마음 알잖아\n\n\n가끔씩 난 뒤 돌아보면 철없이 온 세상에 우리 둘밖에 없었던 지난날 그때 또 그립겠지만\n\n처음 같은 설레임보다 서로를 따뜻하게 바라봐주는 그런 사이가 행복일 테니까 \n\n사랑하니까 같은 꿈을 꾸게 돼 너라서 선명하지 않은 먼 길도 함께 갈게',1,83,'조영수, 한길(Han Gil)','조영수','다비치'),(87,'사랑은 지날수록 더욱 선명하게 남아','',NULL,0,'편해지고 변해가고\n자연스러운 그런 과정\n시도 때도 없이 다투면서\n불안해진 마음\n더는 멀어지기 싫은데\n\n말 못 했던 얘기들을\n말해봐도 너의 한숨뿐\n쌓여왔던 오해가 깊어져\n나도 지쳤는데\n너는 아무 말이 없었어\n\n사랑은 지날수록 더욱 선명하게 남아\n우리의 감정이 모자라서 그랬었나 봐\n이별은 떠나볼수록 다시 깨닫게 해줘서\n아름다웠던 우리가 그리운데\n\n문득 지금 생각이 나\n무슨 이유인지 모르겠어\n아마도 널 사랑한 기억이\n감싸고 있나 봐\n너는 또 아무 말 없지만\n\n사랑은 지날수록 더욱 선명하게 남아\n우리의 감정이 모자라서 그랬었나 봐\n이별은 떠나볼수록 다시 깨닫게 해줘서\n아름다웠던 우리가 그리운데\n\n끝난 인연을 난 왜 이러는지\n가끔 한 번씩은 마주쳐줄래\n그렇게 해줘 그렇게 하면\n아주 조금은 괜찮을 거 같아\n\n사랑은 지날수록 더욱 흩어지지 않아\n좋았던 시간이 가득해서 그런 건가 봐\n이별의 시린 날들은 다시 깨닫게 해줘서\n아름다웠던 그때가 그리운데',1,84,'최상언, 김홍준, 빅가이로빈(bigguyrobin)','빅가이로빈(bigguyrobin)','빅가이로빈(bigguyrobin)'),(88,'포장마차','',NULL,0,'그대와 자주 가던 그 술집에\n혼자 널 생각하며 소주 한잔해\n그대가 좋아하던 김치찌개를\n가만히 바라보다 눈물 한잔해\n\n그 사람 왔었나요\n아니 소식이라도\n그녀에게 전해줘요\n늘 지금처럼 기다린다고\n\n포장마차 그때 그 자리에서\n네가 있던 그곳에 서서\n날 사랑한다 말했잖아\n영원할 거라고 말했잖아\n\n포장마차 그때 그 자리에서\n돌아오라는 말을 다시\n되뇌이고 되뇌어도\n네가 돌아오지 않을 걸 알잖아\n\n그 사람 왔었다면\n혹시 혼자였나요\n그녀에게 전해줘요\n나 그때처럼 기다린다고\n\n포장마차 그때 그 자리에서\n네가 있던 그곳에 서서\n날 사랑한다 말했잖아\n영원할 거라고 말했잖아\n\n포장마차 그때 그 자리에서\n돌아오라는 말을 다시\n되뇌이고 되뇌어도\n네가 돌아오지 않을 걸 알잖아\n\n다 잊으려고 노력해봐도\n그게 잘 안되나봐\n습관처럼 아니 예전처럼 우리\n\n두 번 다시 돌아갈 수 없나요\n내가 싫은 건가요\n날 사랑한다 말했잖아\n영원할 거라고 말했잖아\n\n포장마차 그때 그 자리에서\n네가 있던 그곳에 서서\n날 사랑한다 말했잖아\n영원할 거라고 말했잖아\n\n그댈 다시 부르고 또 불러도\n아무 말 없는 너를 다시\n되뇌이고 되뇌어도\n네가 돌아오지 않을 걸 알잖아',1,85,'전태익, 황두완','황인욱, 전태익','황인욱'),(89,'조금 취했어 (Prod. 2soo)','',NULL,0,'내가 망가지면 니가 나를 볼까 봐\n나를 혹시나 걱정해줄까 봐\n몸에 안 좋은 거 하러 왔어\n시끄럽고 졸립다\n그래 이제 집에 가야지\n\n지금 뭐 해\n밤에는 바람이 점점 차가운데\n따뜻이 좀 입고 다녀 멋 부리지 말고\n지금 이 순간\n하고 싶은 말이 많은데\n내가 가진 언어로 표현 못 해 알잖아\n내가 좀 서툴지\n\n술 한잔했어 너무 보고 싶어서\n니가 싫어하는 담배도 피고 술도 했어\n술이 깨면 내가 또 미워질까 봐\n마시다 보니 조금 취했어\n\n어디야 지금 뭐 해 빨리 와\n너 올 것 같아 여기서 나 기다리는데\nXiyehn아 오늘따라 니가 보고 싶어서\n그래 내가 좀 못났지 미안해\n\n지금 뭐 해\n의식은 점점 희미해가는데\n니 얼굴은 더 또렷하게 생각이 나네\n지금 이 순간 하고 싶은 말이 많은데\n나란 놈이 그렇지 뭐 또\n못해 말도 못 하는 내가 싫어\n\n술 한잔했어 너무 보고 싶어서\n니가 싫어하는 담배도 피고 술도 했어\n술이 깨면 내가 또 미워질까 봐\n마시다 보니 조금 취했어\n\n어디야 지금 뭐 해 빨리 와\n너 올 것 같아 여기서 나 기다리는데\nXiyehn아 오늘따라 니가 보고 싶구나\n또 보고 싶어서 미안해',1,86,'2soo','2soo','2soo'),(90,'시간의 바깥','',NULL,0,'서로를 닮아 기울어진 삶\n소원을 담아 차오르는 달\n하려다 만 괄호 속의 말\n이제야 음 음 음\n\n어디도 닿지 않는 나의 닻\n넌 영원히 도착할 수 없는 섬 같아\n헤매던 날 \n이제야 음 음 음\n\n기록하지 않아도 \n내가 널 전부 기억할 테니까\n\n기다려 \n기어이 우리가 만나면,\n시간의 테두리 바깥에서 \n과거를 밟지 않고 선다면 \n숨이 차게 춤을 추겠어 \n\n낮에도 밝지 않은 나의 밖\n끝없는 밤 남겨진 반\n넌 어떨까 나와 같을까\n알 수 없음에 아파지던 맘\n\n더 멀리 자유 그 위로 가자\n내일이 우릴 찾지 못할 \n곳에서 기쁘게 만나\n이제야 한눈에 찾지 못해도 돼\n내가 널 알아볼 테니까\n\n기다려 \n기어이 우리가 만나면,\n시간의 테두리 바깥에서\n과거를 밟지 않고 선다면\n숨이 차게 춤을 추겠어\n\n드디어\n기다림의 이유를 만나러\n꿈결에도 잊지 않았던\n잠결에도 잊을 수 없었던\n너의 이름을 불러 줄게\n\n기다려 \n잃어버렸던 널 되찾으러\n엉키었던 시간을 견디어\n미래를 쫓지 않을 두 발로 \n숨이 차게 달려가겠어\n\n긴긴 서사를 거쳐\n비로소 첫 줄로 적혀\n나 두려움 따윈 없어 \n\n서로를 감아 포개어진 삶\n그들을 가만 내려보는 달\n여전히 많아 하고 싶은 말\n우리 좀 봐 꼭 하나 같아',1,15,'이민수','이민수','아이유(IU)'),(91,'17','',NULL,0,'I would leave a million words\nIf I tried to define\nAll the things you mean to me, yeah\nFor you, I\'d die a thousand lives\nSpecial kind of energy\n’Cause love is born when hearts collide\nEvery time you touch me\nYou remind me that I\'m still alive\nSo promise you\'ll never change\nAnd I’ll always be the same\nWe\'ll be dancing the same groove when we\'re ninety-two\nThe same as seventeen\nAnd I\'ll never lie to you\nJust don\'t you hold back on me\nI wanna love you as strong when we\'re ninety-two\nThe same as seventeen\nI don\'t really know what\'s right\nBut I can never call you wrong\nI just wanna dance with you\nFloatin’ over marble floors\nYou’re something like an angel\nYou do something to my mind\nI could see a thousand years\nWhen I\'m lookin’ in your eyes\nSo promise you\'ll never change\nAnd I\'ll always be the same\nWe\'ll be dancing the same groove when we’re ninety-two\nThe same as seventeen\nAnd I\'ll never lie to you\nJust don\'t you hold back on me\nI wanna love you as strong when we\'re ninety-two\nThe same as seventeen\nJust promise you\'ll never change\nAnd I\'ll always be the same\nWe\'ll be dancing the same groove when we\'re ninety-two\nThe same as seventeen\nAnd I\'ll never lie to you\nJust don\'t you hold back on me\nI wanna love you as strong when we\'re ninety-two\nThe same as seventeen',1,87,'','',''),(92,'캐논 (Canon) (Drama Ver.)','',NULL,0,'',1,27,'','스눅, 배준일, 화안, 차이환','Johann Pachelbel'),(93,'I Don\'t Care','',NULL,0,'I’m at a party I don’t wanna be at\nAnd I don’t ever wear a suit and tie \nWondering if I can sneak out of the back\nNobody is even looking at me in my eyes\nAnd then you take my hand, finish my drink, say shall we dance (hell yeah)\nY’know I love you did I ever tell you, you make it better like that\n\nDon’t think I fit in at this party\nEveryone’s got so much to say\nI always feel like I’m nobody\nWho wants to fit in anyway\n\nCoz I don’t care when I’m with my baby yeah\nAll the bad things disappear\nAnd you making me feel that maybe I am somebody\nI can deal with the bad nights when I’m with my baby yeah (ooh, ooh, ooh)\nCoz I don’t care\nAs long as you just hold me near \nYou can take me anywhere and you making me feel like I’m loved by somebody\nI can deal with the bad nights when I’m with my baby yeah\n\nWe at a party we don’t wanna be at\nTrying to talk but we can’t hear ourselves\nRead your lips I’d rather kiss ‘em right back\nWith all these people all around, I’m crippled with anxiety\nBut I’m told its where I’m supposed to be\nYou know what? It’s kind of crazy coz I really don’t mind\nWhen you make it better like that\n\nDon’t think I fit in at this party\nEveryone’s got so much to say\nWhen we walked in I said I’m sorry\nBut now I think that we should stay\n\nCoz I don’t care when I’m with my baby yeah\nAll the bad things disappear\nAnd you making me feel that maybe I am somebody\nI can deal with the bad nights when I’m with my baby yeah (ooh, ooh, ooh, oh yeah yeah yeah)\nCoz I don’t care, as long as you just hold me near \nYou can take me anywhere and you making me feel like I’m loved by somebody\nI can deal with the bad nights when I’m with my baby yeah (oh oh oh oh, no)\n\nI don’t like ‘bout nobody but you\nIt’s like you’re the only one here\nI don’t like ‘bout nobody but you baby I don’t care\nI don’t like ‘bout nobody but you\nI hate everyone here\nI don’t like ‘bout nobody but you baby yeah\n\nCoz I don’t care (don’t care) when I’m with my baby yeah (oh yeah)\nAll the bad things disappear (disappear)\nAnd you making me feel that maybe I am somebody (maybe I’m somebody)\nI can deal with the bad nights (with the bad nights) when I’m with my baby yeah (ooh, ooh, ooh, oh yeah yeah yeah)\nCoz I don’t care, as long as you just hold me near (me near)\nYou can take me anywhere (anywhere, anywhere) and you making me feel like I’m loved by somebody (loved by somebody yeah)\nI can deal with the bad nights when I’m with my baby yeah (oh oh oh oh, no)',1,88,'','',''),(94,'니 소식','',NULL,0,'그때의 우리 사랑 뜨겁고 치열했는데\n끝나보니 남는 건 미움뿐 \n몇 번의 계절을 더 보내야 괜찮아질까\n미련이 듬뿍 남은 하루를 보내\n\n친구들과 통화에\n우연히 들은 네 소식\n다른 사랑을 시작해\n잘 지낸다고\n\n한땐 소중했었고 \n많이 사랑했었던 \n우리 둘은 이제 남이 됐고\n모르는 사람이야\n넌 완벽히 잊었나 봐\n이렇게 넌 잘 사는데\n괜한 걱정을 했나 봐\n나만 힘든가 봐\n\n너도 내 소식을 전해 들었으면 좋겠어\n아직은 좀 힘들어한다는\n미안한 마음 갖고 가끔씩 내 생각 해줘\n그래야 내 맘이 좀 편할 것 같아\n\n네 옆에 다른 사람 \n있다는 게 참 낯설어\n뭔지 모를 서운함은\n이기적인 거니\n\n한땐 소중했었고 \n많이 사랑했었던 \n우리 둘은 이제 남이 됐고\n모르는 사람이야\n넌 완벽히 잊었나 봐\n이렇게 넌 잘 사는데\n나만 끝을 미뤘나 봐 \n나만 그랬나 봐\n\n솔직한 맘을 말하면\n좋은 사랑 안 했음해\n가슴 아프게 지내길 바랬어\n\n너는 행복하겠지\n많이 설레이겠지 um\n나 없이도 웃는 네 모습에\n이제야 실감이나\n넌 완벽히 떠났나 봐\n확실히 날 떠났나 봐\n난 네가 너무 미워져\n행복하지 말아줘\n잘 지내지 말아 줘\n좋은 사람 만나 다행이란\n말은 거짓말이야\n네 소식 들은 그날 밤\n펑펑 울다 밤을 샜어\n늦어버린 거 알지만\n어쩔 수 없나 봐',1,89,'미친기집애','Krazy Park, 미친기집애','미친기집애'),(95,'봄날','',NULL,0,'보고 싶다 이렇게 \n말하니까 더 보고 싶다\n너희 사진을 \n보고 있어도 보고 싶다\n\n너무 야속한 시간 \n나는 우리가 밉다\n이제 얼굴 한 번 보는 것 조차\n힘들어진 우리가\n여긴 온통 겨울 뿐이야 \n8월에도 겨울이 와\n\n마음은 시간을 달려가네 \n홀로 남은 설국열차\n니 손 잡고 지구 \n반대편까지 가 \n이 겨울을 끝내고파\n\n그리움들이 \n얼마나 눈처럼 내려야 \n그 봄날이 올까\nFriend\n\n허공을 떠도는 \n작은 먼지처럼 \n작은 먼지처럼\n날리는 눈이 나라면 \n조금 더 빨리 네게\n닿을 수 있을 텐데\n\n눈꽃이 떨어져요\n또 조금씩 멀어져요\n보고 싶다\n보고 싶다\n얼마나 기다려야 \n또 몇 밤을 더 새워야\n널 보게 될까 \n만나게 될까\n\n추운 겨울 끝을 지나 \n다시 봄날이 올 때까지\n꽃 피울 때까지 \n그곳에 좀 더 머물러줘 \n머물러줘\n\n니가 변한 건지 \n아니면 내가 변한 건지\n이 순간 흐르는 시간조차 미워 \n우리가 변한 거지 뭐 \n모두가 그런 거지 뭐\n\n그래 밉다 니가 \n넌 떠났지만 \n단 하루도 너를 \n잊은 적이 없었지 난\n\n솔직히 보고 싶은데 \n이만 너를 지울게\n그게 널 원망하기보단 \n덜 아프니까\n\n시린 널 불어내 본다 \n연기처럼 하얀 연기처럼\n말로는 지운다 해도 \n사실 난 아직 널 보내지 못하는데\n\n눈꽃이 떨어져요 \n또 조금씩 멀어져요\n보고 싶다 \n보고 싶다\n얼마나 기다려야 \n또 몇 밤을 더 새워야\n널 보게 될까 \n만나게 될까\n\nYou know it all \nYou\'re my best friend \n아침은 다시 올 거야\n어떤 어둠도 어떤 계절도 \n영원할 순 없으니까\n\n벚꽃이 피나봐요 \n이 겨울도 끝이 나요\n보고 싶다 \n보고 싶다\n조금만 기다리면 \n며칠 밤만 더 새우면\n만나러 갈게\n데리러 갈게 \n\n추운 겨울 끝을 지나 \n다시 봄날이 올 때까지\n꽃 피울 때까지 \n그곳에 좀 더 머물러줘 \n머물러줘',1,90,'','Pdogg, RM, ADORA, 방시혁, Arlissa Ruppert, Peter Ibsen, 슈가','Pdogg, RM, ADORA, 방시혁, Arlissa Ruppert, Peter Ibsen, 슈가'),(96,'Physical (Feat. 화사)','',NULL,0,'서로의 눈치만 보지만 \n네 속마음 들킨걸 아는걸 \nDon’t you agree?\nDon’t you agree?\n감정을 속이려 하는 너 \n시간 없어 넌 just wasting time \nDon\'t you agree?\nDon\'t you agree?\nWho needs to go to sleep, when I got you next to me?\n이 밤은 흘러가고\n더는 숨기려고 해도 의미없어\nSo come on, come on, come on\nLet\'s get physical\n이 방의 문을 닫고\n둘이서만 함께 하는 이 공간에서\nSo come on, come on, come on\nLet\'s get physical\n\nAdrenaline keeps on rushing in\nLove the simulation we\'re dreaming in\nDon\'t you agree?\nDon\'t you agree?\nI don\'t wanna live another life\n\'Cause this one\'s pretty nice\nLiving it up\nWho needs to go to sleep, when I got you next to me?\nAll night I\'ll riot with you\nI know you got my back and you know I got you\nSo come on, come on, come on\nLet\'s get physical\nLights out and follow the noise\nBaby keep on dancing like you ain\'t got a choice\nSo come on, come on, come on\nLet\'s get physical\n\nHold On 너와 나의 케미\nCome On Hold On 거부할 수 없어 Come On\nBaby keep on dancing\nLet\'s get physical\n\nHold on just a little tighter\nCome on\nHold on, tell me if you\'re ready\nCome on\nBaby keep on dancing\nLet\'s get physical\n\nAll night I\'ll riot with you\nI know you got my back and you know I got you\nSo come on, come on, come on\nLet\'s get physical\nLights out and follow the noise\nBaby keep on dancing like you ain\'t got a choice\nSo come on, come on, come on\nLet\'s get physical\nLet\'s get physical\n\nPhysical\nLet\'s get physical\nCome on, physical',1,91,'','','Clarence Coffee Jr, Dua Lipa, Jason Evigan, Sarah Hudson'),(97,'우리 만남이','',NULL,0,'우리 만남이 특별하진 않았지\n우리 만남에 뭐 있겠어\n우리 이별이 가슴 찢기도록 아프진 않았지만\n슬플 거야\n\n우리 만남이 특별하진 않았지\n우리 만남에 뭐 있겠어\n그래도 우리 좀 친해지긴 했지만 서로\n눈물 보일 것까진\n그리울 거야\n\n인생은 헤어지고 만나고 익숙해지고\n또 그냥 그런대로 살아가고\n인생은 무뎌지고 아파하며 익숙해져서\n다시 그땔 그리워해\n\n우리 만남이 특별하진 않았지\n이 나이에 뭐 있겠어\n즐거웠다 또 만나자 어 연락해 말해도\n한동안 또 안 볼 사이\n그리울 거야\n\n인생은 헤어지고 만나고 익숙해지고\n또 그냥 그런대로 살아가고\n인생은 무뎌지고 아파하며 익숙해져서\n다시 그땔 \n\n누구나 헤어지고 만나고 익숙해지고\n또 그냥 그런대로 살아가고\n인생은 무뎌지고 아파하며 익숙해져서\n다시 그땔 그리워해\n\n우리 만남이',1,92,'홍소진','폴킴','폴킴'),(98,'사랑하게 될 줄 알았어','',NULL,0,'널 처음 사진으로 본 그날 99년 1월 31일 \n그날 이후 지금 이순간까지 나 하나만 기다려준 너를\n오늘도 습관같은 내 전화 따스히 받아주는 너에게 \n세상 가장 행복한 사람으로 만들어 준 너를 너무 사랑해\n사랑하게 될 줄 알았어 우리 처음 만난 그날에\n시간 속에 희미해지는 사랑에 그대가 흔들린대도\n그땐 내가 잡을게요 그대처럼\n\n너무 편한 사이가 싫었어 너무 오랜 사랑 힘들었어\n아픈 눈물 흘리는 널 돌아선 못된 내 마음도 기다려준 너를\n사랑하게 될 줄 알았어 우리 처음 만난 그날에\n시간 속에 희미해지는 사랑에 그대가 흔들린대도\n그땐 내가 잡을게요 그대처럼\n\n얼마나 힘들었을까 못난 내 눈물도 따스히 감싸준 너를\n\n사랑하게 될 줄 알았어 우리 처음 만난 그 날에\n시간 속에 희미해지는 사랑에 그대가 흔들린대도\n내가 잡을게요 아무 걱정 마요 \n내손을 잡아요 처음 그 날처럼 \n우리',1,93,'고승진','이상규','이상규'),(99,'Ridin\'','',NULL,0,'거리 위 텅 빈 듯한 이 느낌\n열기로 가득 채워 Reloading \n경계를 Break break out\n어디든지 겨눠 봐\n이젠 우리가 방아쇨 당겨 잘 봐\n \nWe’re back No more brakes\n모두 다 Sit back\n이젠 마주해 날 향한 Scream \n오랜 기다림의 끝에 불을 붙여\n시동 거는 순간 It’s game over ya\n \nTalk talk 어딜 가도\ntalk talk 내 얘기로\n다들 떠들썩해 \n찢어지는 듯한 마찰음 위로 난\n선을 넘어서\n시간을 자유롭게 \n\n더 뜨겁게 이 순간을 달궈\nBurn up the road\n날 넘어설 그때까지\n \n거리 위 텅 빈 듯한 이 느낌\n열기로 가득 채워 Reloading\n경계를 Break break out\n어디든지 겨눠 봐\n이젠 우리가 방아쇨 당겨 잘 봐\n \nRidin’ & Rollin’ oh baby Reloading\nRidin’ & Rollin’ oh baby Reloading\n지금 우린 Running\nReloading oh yea\n새롭게 날 채워 다시\n\nWhip fast 거침없이 핸들 더 꺾어\n붕 뜨는 몸은 마치\nLike a roller coaster\n터질 듯 엑셀을 밟아봐\nWe outta control ya ya \nWe won’t stop the racing\ntill it’s over ya \n\nTalk talk 어떤 말도\ntalk talk 이 순간 속\n우릴 설명 못 해\n가장 눈부신 이 속도에 올라타\n모두 놀랄 그 장면 속 우릴 향해\n\n몇 번이고 한곌 뛰어넘어\nBurn up the road\n다시 내일이 올 때까지 \n\n심장 속 터질 듯한 Energy\n끝까지 나를 던져 Reloading\n기록은 Break break out\n매번 갈아치워 가\n이젠 세상에 우릴 쏴 올려 잘 봐\n\nRidin’ & Rollin’ oh baby Reloading\nRidin’ & Rollin’ oh baby Reloading\n지금 우린 Running\nReloading oh yea\n새롭게 날 채워 다시\n\n눈 앞에 펼쳐진 세상을 봐\n꿈꿔왔던 Story 더는 꿈이 아냐\n새롭게 뜬 태양을 마주 봐\nFlying down the road (Let’s roll)\n\n도로 위로 가득한\n붉은 불빛들은 날\n멈춰 있으라지만\nWoah woah woah woah\n더는 같은 길을 향해\n가지 않아 이젠 Switch my lane\n나만의 새로운 길을 만들어\n벗어나 Rush hour\n \n심장 속 터질 듯한 Energy\n끝까지 나를 던져 Reloading\n기록은 Break break out\n매번 갈아치워 가\n이젠 세상에 우릴 쏴 올려 잘 봐\n\nRidin’ & Rollin’ oh baby Reloading\nRidin’ & Rollin’ oh baby Reloading\n지금 우린 Running\nReloading oh yea\n새롭게 날 채워 다시',1,94,'Moonshine','Moonshine, Julien Maurice Moore, Tay Jasper, Adrian Mckinnon, Darius Martin, Hautboi Rich','장정원(Jam Factory), Rick Bridges'),(100,'여기 적어줘 (Feat. pH-1)','',NULL,0,'뭐 나쁜 일 있어? 왜그래\n아무 일도 없어? 이상하네\n네 눈빛만 봐도 다 아는 나인데\n넌 왜 피해\n진작 몰라줘서 미안해\n누구 신경쓸 때가 아냐 넌\n생각해봤는데 한 번 들어볼래\n\n여기 종이랑 볼펜 줄게\n하고 싶은 말 적어줄래?\n사람 이름이든 아주 나쁜 말이든\n널 아프게 했던 모든 것  \n\n약속해줘 my friend \n말할 수 없다면\n아무도 모르게\n여기 적어줘\nOooh\n여기 적어줘\n아무도 모르게 내가 버려줄게\n\n이리줘 그 종이, 검은 볼펜\n손바닥 새까매질때까지 써볼게\n어디서부터 시작해야 될지\n몰라서 일단 1부터 100까지\n씩씩대며 적는 날 기다리는\n넌 슬슬 애타지\nmaybe i just can’t hide\n내 표정과\n뾰루퉁한 말투에\n속 마음이 들키나봐\n날 봐주는 너만 곁에 있어주면 돼\n진심으로 고마워\n이제 맘껏 웃어볼게\n\n여기 종이랑 볼펜 줄게 \n하고 싶은 말 적어줄래?\n사람 이름이든 아주 나쁜 말이든\n널 아프게 했던 모든 것  \n\n약속해줘 my friend (my friend)\n말할 수 없다면\n아무도 모르게\n여기 적어줘\nOooh\n여기 적어줘\n아무도 모르게 내가 버려줄게',1,95,'haventseenyou, 박준우 (슈퍼스타K 2016)','Zion.T, 박준우 (슈퍼스타K 2016), MOON, pH-1','Zion.T, pH-1, TAEO');
/*!40000 ALTER TABLE `music` ENABLE KEYS */;
UNLOCK TABLES;

--
-- Table structure for table `music_artists`
--

DROP TABLE IF EXISTS `music_artists`;
/*!40101 SET @saved_cs_client     = @@character_set_client */;
/*!50503 SET character_set_client = utf8mb4 */;
CREATE TABLE `music_artists` (
  `id` int NOT NULL AUTO_INCREMENT,
  `artist_id` int NOT NULL,
  `music_id` int NOT NULL,
  PRIMARY KEY (`id`),
  KEY `music_artists_artist_id_951f877a_fk_artists_id` (`artist_id`),
  KEY `music_artists_music_id_b2884ad2_fk_music_id` (`music_id`),
  CONSTRAINT `music_artists_artist_id_951f877a_fk_artists_id` FOREIGN KEY (`artist_id`) REFERENCES `artists` (`id`),
  CONSTRAINT `music_artists_music_id_b2884ad2_fk_music_id` FOREIGN KEY (`music_id`) REFERENCES `music` (`id`)
) ENGINE=InnoDB AUTO_INCREMENT=111 DEFAULT CHARSET=utf8mb4 COLLATE=utf8mb4_0900_ai_ci;
/*!40101 SET character_set_client = @saved_cs_client */;

--
-- Dumping data for table `music_artists`
--

LOCK TABLES `music_artists` WRITE;
/*!40000 ALTER TABLE `music_artists` DISABLE KEYS */;
INSERT INTO `music_artists` VALUES (1,1,1),(2,2,2),(3,3,3),(4,4,4),(5,5,5),(6,6,6),(7,4,7),(8,7,8),(9,11,9),(10,12,10),(11,13,11),(12,14,12),(13,15,13),(14,16,14),(15,17,15),(16,1,16),(17,18,17),(18,19,18),(19,20,19),(20,21,20),(21,22,21),(22,23,22),(23,24,23),(24,25,24),(25,26,25),(26,27,26),(27,28,27),(28,16,28),(29,29,29),(30,30,30),(31,31,31),(32,33,32),(33,34,33),(34,35,34),(35,36,35),(36,1,36),(37,37,37),(38,38,38),(39,39,39),(40,40,40),(41,41,41),(42,13,42),(43,42,43),(44,43,44),(45,32,45),(46,45,46),(47,46,47),(48,47,48),(49,48,49),(50,49,50),(51,50,51),(52,1,52),(53,51,53),(54,52,54),(55,53,55),(56,1,56),(57,45,57),(58,29,58),(59,30,59),(60,54,60),(61,55,61),(62,56,62),(63,57,63),(64,58,64),(65,59,65),(66,31,66),(67,61,67),(68,62,68),(69,5,69),(70,63,70),(71,41,71),(72,65,72),(73,66,73),(74,67,74),(75,68,75),(76,69,76),(77,70,77),(78,65,78),(79,71,79),(80,72,80),(81,73,81),(82,45,82),(83,75,83),(84,76,84),(85,77,85),(86,75,86),(87,63,87),(88,71,88),(89,78,89),(90,1,90),(91,79,91),(92,16,92),(93,80,93),(94,81,94),(95,41,95),(96,21,96),(97,45,97),(98,83,98),(99,84,99),(100,43,100),(101,9,8),(102,8,8),(103,10,8),(104,32,31),(105,44,45),(106,60,66),(107,64,71),(108,44,93),(109,82,96),(110,74,81);
/*!40000 ALTER TABLE `music_artists` ENABLE KEYS */;
UNLOCK TABLES;

--
-- Table structure for table `myfavorite_albums`
--

DROP TABLE IF EXISTS `myfavorite_albums`;
/*!40101 SET @saved_cs_client     = @@character_set_client */;
/*!50503 SET character_set_client = utf8mb4 */;
CREATE TABLE `myfavorite_albums` (
  `id` int NOT NULL AUTO_INCREMENT,
  `album_id` int NOT NULL,
  `user_id` int NOT NULL,
  PRIMARY KEY (`id`),
  KEY `myfavorite_albums_album_id_9ff02f1b_fk_albums_id` (`album_id`),
  KEY `myfavorite_albums_user_id_2249fa2c_fk_users_id` (`user_id`),
  CONSTRAINT `myfavorite_albums_album_id_9ff02f1b_fk_albums_id` FOREIGN KEY (`album_id`) REFERENCES `albums` (`id`),
  CONSTRAINT `myfavorite_albums_user_id_2249fa2c_fk_users_id` FOREIGN KEY (`user_id`) REFERENCES `users` (`id`)
) ENGINE=InnoDB DEFAULT CHARSET=utf8mb4 COLLATE=utf8mb4_0900_ai_ci;
/*!40101 SET character_set_client = @saved_cs_client */;

--
-- Dumping data for table `myfavorite_albums`
--

LOCK TABLES `myfavorite_albums` WRITE;
/*!40000 ALTER TABLE `myfavorite_albums` DISABLE KEYS */;
/*!40000 ALTER TABLE `myfavorite_albums` ENABLE KEYS */;
UNLOCK TABLES;

--
-- Table structure for table `myfavorite_artists`
--

DROP TABLE IF EXISTS `myfavorite_artists`;
/*!40101 SET @saved_cs_client     = @@character_set_client */;
/*!50503 SET character_set_client = utf8mb4 */;
CREATE TABLE `myfavorite_artists` (
  `id` int NOT NULL AUTO_INCREMENT,
  `artist_id` int NOT NULL,
  `user_id` int NOT NULL,
  PRIMARY KEY (`id`),
  KEY `myfavorite_artists_artist_id_bcfda89f_fk_artists_id` (`artist_id`),
  KEY `myfavorite_artists_user_id_7cb61611_fk_users_id` (`user_id`),
  CONSTRAINT `myfavorite_artists_artist_id_bcfda89f_fk_artists_id` FOREIGN KEY (`artist_id`) REFERENCES `artists` (`id`),
  CONSTRAINT `myfavorite_artists_user_id_7cb61611_fk_users_id` FOREIGN KEY (`user_id`) REFERENCES `users` (`id`)
) ENGINE=InnoDB DEFAULT CHARSET=utf8mb4 COLLATE=utf8mb4_0900_ai_ci;
/*!40101 SET character_set_client = @saved_cs_client */;

--
-- Dumping data for table `myfavorite_artists`
--

LOCK TABLES `myfavorite_artists` WRITE;
/*!40000 ALTER TABLE `myfavorite_artists` DISABLE KEYS */;
/*!40000 ALTER TABLE `myfavorite_artists` ENABLE KEYS */;
UNLOCK TABLES;

--
-- Table structure for table `myfavorite_music`
--

DROP TABLE IF EXISTS `myfavorite_music`;
/*!40101 SET @saved_cs_client     = @@character_set_client */;
/*!50503 SET character_set_client = utf8mb4 */;
CREATE TABLE `myfavorite_music` (
  `id` int NOT NULL AUTO_INCREMENT,
  `music_id` int NOT NULL,
  `user_id` int NOT NULL,
  PRIMARY KEY (`id`),
  KEY `myfavorite_music_music_id_86526c53_fk_music_id` (`music_id`),
  KEY `myfavorite_music_user_id_e5758356_fk_users_id` (`user_id`),
  CONSTRAINT `myfavorite_music_music_id_86526c53_fk_music_id` FOREIGN KEY (`music_id`) REFERENCES `music` (`id`),
  CONSTRAINT `myfavorite_music_user_id_e5758356_fk_users_id` FOREIGN KEY (`user_id`) REFERENCES `users` (`id`)
) ENGINE=InnoDB DEFAULT CHARSET=utf8mb4 COLLATE=utf8mb4_0900_ai_ci;
/*!40101 SET character_set_client = @saved_cs_client */;

--
-- Dumping data for table `myfavorite_music`
--

LOCK TABLES `myfavorite_music` WRITE;
/*!40000 ALTER TABLE `myfavorite_music` DISABLE KEYS */;
/*!40000 ALTER TABLE `myfavorite_music` ENABLE KEYS */;
UNLOCK TABLES;

--
-- Table structure for table `myplaylist_music`
--

DROP TABLE IF EXISTS `myplaylist_music`;
/*!40101 SET @saved_cs_client     = @@character_set_client */;
/*!50503 SET character_set_client = utf8mb4 */;
CREATE TABLE `myplaylist_music` (
  `id` int NOT NULL AUTO_INCREMENT,
  `music_id` int NOT NULL,
  `myplaylist_id` int NOT NULL,
  PRIMARY KEY (`id`),
  KEY `myplaylist_music_music_id_91208425_fk_music_id` (`music_id`),
  KEY `myplaylist_music_myplaylist_id_6d4d3d2a_fk_myplaylists_id` (`myplaylist_id`),
  CONSTRAINT `myplaylist_music_music_id_91208425_fk_music_id` FOREIGN KEY (`music_id`) REFERENCES `music` (`id`),
  CONSTRAINT `myplaylist_music_myplaylist_id_6d4d3d2a_fk_myplaylists_id` FOREIGN KEY (`myplaylist_id`) REFERENCES `myplaylists` (`id`)
) ENGINE=InnoDB DEFAULT CHARSET=utf8mb4 COLLATE=utf8mb4_0900_ai_ci;
/*!40101 SET character_set_client = @saved_cs_client */;

--
-- Dumping data for table `myplaylist_music`
--

LOCK TABLES `myplaylist_music` WRITE;
/*!40000 ALTER TABLE `myplaylist_music` DISABLE KEYS */;
/*!40000 ALTER TABLE `myplaylist_music` ENABLE KEYS */;
UNLOCK TABLES;

--
-- Table structure for table `myplaylists`
--

-- DROP TABLE IF EXISTS `myplaylists`;
-- /*!40101 SET @saved_cs_client     = @@character_set_client */;
-- /*!50503 SET character_set_client = utf8mb4 */;
-- CREATE TABLE `myplaylists` (
--   `id` int NOT NULL AUTO_INCREMENT,
--   `name` varchar(50) NOT NULL,
--   `created_at` datetime(6) NOT NULL,
--   `user_id` int NOT NULL,
--   PRIMARY KEY (`id`),
--   KEY `myplaylists_user_id_a17025e4_fk_users_id` (`user_id`),
--   CONSTRAINT `myplaylists_user_id_a17025e4_fk_users_id` FOREIGN KEY (`user_id`) REFERENCES `users` (`id`)
-- ) ENGINE=InnoDB DEFAULT CHARSET=utf8mb4 COLLATE=utf8mb4_0900_ai_ci;
-- /*!40101 SET character_set_client = @saved_cs_client */;

--
-- Dumping data for table `myplaylists`
--

LOCK TABLES `myplaylists` WRITE;
/*!40000 ALTER TABLE `myplaylists` DISABLE KEYS */;
/*!40000 ALTER TABLE `myplaylists` ENABLE KEYS */;
UNLOCK TABLES;

--
-- Table structure for table `recommendations`
--

DROP TABLE IF EXISTS `recommendations`;
/*!40101 SET @saved_cs_client     = @@character_set_client */;
/*!50503 SET character_set_client = utf8mb4 */;
CREATE TABLE `recommendations` (
  `id` int NOT NULL AUTO_INCREMENT,
  `created_at` datetime(6) NOT NULL,
  `music_id` int DEFAULT NULL,
  `recipient_id` int DEFAULT NULL,
  `sender_id` int DEFAULT NULL,
  PRIMARY KEY (`id`),
  KEY `recommendations_music_id_ee1bdb49_fk_music_id` (`music_id`),
  KEY `recommendations_recipient_id_401bf7bb_fk_users_id` (`recipient_id`),
  KEY `recommendations_sender_id_00ab3f72_fk_users_id` (`sender_id`),
  CONSTRAINT `recommendations_music_id_ee1bdb49_fk_music_id` FOREIGN KEY (`music_id`) REFERENCES `music` (`id`),
  CONSTRAINT `recommendations_recipient_id_401bf7bb_fk_users_id` FOREIGN KEY (`recipient_id`) REFERENCES `users` (`id`),
  CONSTRAINT `recommendations_sender_id_00ab3f72_fk_users_id` FOREIGN KEY (`sender_id`) REFERENCES `users` (`id`)
) ENGINE=InnoDB DEFAULT CHARSET=utf8mb4 COLLATE=utf8mb4_0900_ai_ci;
/*!40101 SET character_set_client = @saved_cs_client */;

--
-- Dumping data for table `recommendations`
--

LOCK TABLES `recommendations` WRITE;
/*!40000 ALTER TABLE `recommendations` DISABLE KEYS */;
/*!40000 ALTER TABLE `recommendations` ENABLE KEYS */;
UNLOCK TABLES;

--
-- Table structure for table `themes`
--

-- DROP TABLE IF EXISTS `themes`;
-- /*!40101 SET @saved_cs_client     = @@character_set_client */;
-- /*!50503 SET character_set_client = utf8mb4 */;
-- CREATE TABLE `themes` (
--   `id` int NOT NULL AUTO_INCREMENT,
--   `name` varchar(50) NOT NULL,
--   PRIMARY KEY (`id`)
-- ) ENGINE=InnoDB DEFAULT CHARSET=utf8mb4 COLLATE=utf8mb4_0900_ai_ci;
/*!40101 SET character_set_client = @saved_cs_client */;

--
-- Dumping data for table `themes`
--

LOCK TABLES `themes` WRITE;
/*!40000 ALTER TABLE `themes` DISABLE KEYS */;
/*!40000 ALTER TABLE `themes` ENABLE KEYS */;
UNLOCK TABLES;

--
-- Table structure for table `users`
--

-- DROP TABLE IF EXISTS `users`;
-- /*!40101 SET @saved_cs_client     = @@character_set_client */;
-- /*!50503 SET character_set_client = utf8mb4 */;
-- CREATE TABLE `users` (
--   `id` int NOT NULL AUTO_INCREMENT,
--   `name` varchar(50) NOT NULL,
--   `nickname` varchar(50) NOT NULL,
--   `email` varchar(200) NOT NULL,
--   `image_url` varchar(2000) NOT NULL,
--   PRIMARY KEY (`id`)
-- ) ENGINE=InnoDB DEFAULT CHARSET=utf8mb4 COLLATE=utf8mb4_0900_ai_ci;
/*!40101 SET character_set_client = @saved_cs_client */;

--
-- Dumping data for table `users`
--

LOCK TABLES `users` WRITE;
/*!40000 ALTER TABLE `users` DISABLE KEYS */;
/*!40000 ALTER TABLE `users` ENABLE KEYS */;
UNLOCK TABLES;
/*!40103 SET TIME_ZONE=@OLD_TIME_ZONE */;

/*!40101 SET SQL_MODE=@OLD_SQL_MODE */;
/*!40014 SET FOREIGN_KEY_CHECKS=@OLD_FOREIGN_KEY_CHECKS */;
/*!40014 SET UNIQUE_CHECKS=@OLD_UNIQUE_CHECKS */;
/*!40101 SET CHARACTER_SET_CLIENT=@OLD_CHARACTER_SET_CLIENT */;
/*!40101 SET CHARACTER_SET_RESULTS=@OLD_CHARACTER_SET_RESULTS */;
/*!40101 SET COLLATION_CONNECTION=@OLD_COLLATION_CONNECTION */;
/*!40111 SET SQL_NOTES=@OLD_SQL_NOTES */;

-- Dump completed on 2020-06-16 15:27:35
